t,p1,p2,s1,s2,c1,c2
1,4.249233339194471,3.9236387057569218,0.32,0.368,1.25604609433337,0.7932683226399523
2,3.754157772852511,3.9540591429628877,0.366,0.286,0.8202872918454547,1.0594494061733746
3,3.711791949986102,3.907168039006466,0.304,0.306,0.8641055332543864,0.7692834472792573
4,3.7233606356868454,4.041014374074842,0.376,0.298,0.6504124199697976,1.1281731510438247
5,4.287426073422623,4.46361404303859,0.386,0.218,1.0587483738355083,1.930181152974399
6,4.2248220436215576,3.7168376963475613,0.328,0.328,1.2018103454343407,0.8430040324509153
7,4.125046649835966,4.206738203913177,0.326,0.31,1.1435728527658287,1.423509961171707
8,3.8127077930328053,3.809743886033882,0.288,0.308,0.9338885523405542,0.9337058076177902
9,4.045155768267369,3.9703001583876705,0.33,0.296,0.9286798326635864,1.1862159412481703
10,4.31155211571757,3.3864597422296345,0.348,0.214,1.2167285947733286,0.820559317491725
11,4.047509228157807,3.8130298132628546,0.42,0.316,0.7138236433992513,0.9644267291515708
12,4.268462053951701,3.7398112732789146,0.388,0.218,1.0636116224433814,1.1609642551543484
13,3.9835578503076654,4.0960596911046645,0.308,0.328,0.9916174631534563,1.0791649844377387
14,3.9259515683705946,3.7302688552375356,0.35,0.286,0.7058214913052797,0.9382344774194391
15,3.6542069715368912,3.9469317598479585,0.262,0.372,0.9325069043708646,0.8613018366448137
16,4.091969329884825,3.914041052520326,0.364,0.24,1.1566027630739468,1.1946522009374423
17,4.241047268721515,4.066608074711009,0.378,0.322,1.0704950310299608,1.232083664444583
18,4.243021564339008,3.599713766789832,0.368,0.218,1.0268937972007073,1.0028523251236747
19,3.91110074675976,3.9234212458962263,0.374,0.306,0.802074680551763,1.1694538337873053
20,3.962444496096748,3.8719418086977866,0.34,0.262,0.8906722410247738,1.099832333786068
21,4.565923672911621,3.8024252663968587,0.384,0.298,1.3073109833613468,0.9309159029432894
22,4.3520258886299255,3.643896427214533,0.358,0.284,1.2657746670536807,0.7810430978717652
23,4.004380504885377,3.548061590478588,0.35,0.338,0.9177752449484584,0.6466254323535904
24,4.3576533702827955,4.002863530415997,0.398,0.264,0.8180728191048677,1.3296422110298804
25,3.8110301900598764,3.7670071995723644,0.32,0.328,0.7661067830053001,0.7618449225868993
26,3.781793008451395,3.7568264805148854,0.37,0.346,0.5879036314312094,0.780012934415773
27,4.005214754197354,3.8129656463507215,0.342,0.22,1.1498071978516495,1.1085323687289643
28,4.187020268155762,3.6118218183602346,0.418,0.21,0.8153713241926881,1.0842773829924162
29,3.73739964323738,4.241836413333534,0.222,0.452,1.117585509734376,0.8130207041846861
30,4.063018637822428,3.9030619708670726,0.312,0.258,1.0698228721454013,1.2470997382506932
31,4.201716657140761,3.9052312695398257,0.448,0.292,0.7931708727837358,1.0370857773212079
32,4.0520255330770105,3.8863634773056996,0.414,0.276,0.7997056881127407,1.1092651034655134
33,4.341502353912832,3.813971438809573,0.394,0.254,1.1959545788407595,1.1772539727337716
34,4.4773461977407365,3.9945979289913423,0.376,0.26,1.381729262820166,1.2287827538645644
35,4.002260501383415,4.28190621333558,0.342,0.298,0.9258859202465413,1.3646472707981454
36,3.9704447316819547,3.720631877956033,0.27,0.336,1.172109324128041,0.7501137473981041
37,4.3203424224328515,3.9614167122062147,0.286,0.34,1.2843052069450132,0.9224447354839775
38,4.170472352502253,3.8301984619474627,0.346,0.298,1.0489773834682292,0.9887112008844365
39,4.050028622117333,3.60481599538572,0.208,0.35,1.4232835978584426,0.6105704031536371
40,4.210247245809549,3.9391007787390837,0.344,0.33,1.2392252692417358,0.9922248420141944
41,3.9501358902569095,4.267157362496981,0.326,0.33,0.8959214705298253,1.1696731532972888
42,3.6543040185932063,3.8865588374244835,0.34,0.296,0.6465370786363991,1.215804738771415
43,3.9880244424299534,3.7952537012812484,0.308,0.27,1.0009027605073366,0.9101769620267339
44,4.3998951963082575,4.116263791855837,0.394,0.254,1.0971288218055628,1.4536037614870942
45,3.805131597532789,3.8123577643744486,0.35,0.308,0.8405652654631783,0.8659733425872682
46,4.102698536704407,3.7034964682116063,0.288,0.35,1.337586691044638,0.6771644722368843
47,3.621308582219923,3.8424041267488045,0.344,0.324,0.6720430383847324,0.9328330741189507
48,3.5806274224346315,4.299194710592181,0.34,0.358,0.622565254114484,1.1667634932079418
49,4.163664476294866,3.590045758760831,0.318,0.328,1.062952052974146,0.7038392479963452
50,4.012440264952742,4.041413235224111,0.406,0.324,0.7003233287431986,1.130681082170045
51,4.071939610962024,3.7267543222075656,0.288,0.298,1.2539539499289012,0.9313819379615957
52,4.037047881534445,3.7941660806468893,0.342,0.33,1.1535050290911792,0.8422296366353569
53,4.377208174819242,4.600874770259497,0.242,0.402,1.7597821192920384,1.254395086645667
54,3.6077108247068193,4.295240916851027,0.274,0.382,0.8600131161265387,1.0794787432001407
55,3.9757910204419282,3.7645021000759953,0.392,0.26,0.7758595629920433,1.0278993956407225
56,4.078705340195627,3.9149037637280277,0.398,0.278,0.805341251173109,1.1514119631323732
57,4.297644650642363,4.495205570454432,0.358,0.264,1.0927328823112668,1.8585204390112062
58,3.9015204302680417,3.8495902670116813,0.318,0.26,0.8974630250482183,1.1215652875308608
59,3.757820795531967,4.043654309978826,0.376,0.33,0.5621658780828366,1.0358034964709353
60,4.140002020083857,4.176589052487637,0.388,0.256,0.8566940326226653,1.4688924173978923
61,3.503698738713017,3.8932912702856015,0.286,0.334,0.7542423931808392,0.9192081890094462
62,4.55514573167338,3.6752807990537457,0.38,0.262,1.4865510539012579,0.8970385598613486
63,3.880398563335922,3.6197530338635717,0.384,0.328,0.6660700081124297,0.687207858757463
64,4.143352442137263,3.622325963718657,0.342,0.256,1.0672605033403642,0.8880090214512661
65,3.913908230479527,3.675834923904144,0.346,0.322,0.8170800377496439,0.6975427413545736
66,3.4146032111384494,4.058412587432473,0.332,0.356,0.5856753199086747,0.7713745991452085
67,4.1299543988663086,4.006570269787356,0.39,0.296,0.9685879539705512,1.1361652753798364
68,3.9929055527273314,3.720151207334661,0.396,0.28,0.9778128223563167,0.8281463002824524
69,4.390357105855818,3.8026279935223517,0.344,0.29,1.4663938559726537,0.9108431119963504
70,4.018229429256426,4.252414163307806,0.41,0.274,0.8062236672527513,1.3103362657159512
71,4.011919875277914,3.743249512881262,0.322,0.298,0.9025610652500368,0.8844315827088589
72,4.232314188146572,4.1065127084633035,0.296,0.35,1.5161345630881113,0.9856166855706829
73,3.973508775483216,3.855858088666112,0.354,0.348,0.9296614494096991,0.8119831027834261
74,3.9416443972337345,4.225472417176306,0.362,0.256,0.8880412616214345,1.344674276920101
75,3.764128747729722,4.354847634507909,0.248,0.394,1.051843753550039,0.9932121647596206
76,4.384453198576389,3.4590562765239183,0.394,0.242,1.1278802614741816,0.7446878785857569
77,3.908590029174308,3.7895550993088527,0.4,0.222,0.6784516820677207,1.1950704591946275
78,4.070675353016801,3.996693488418976,0.356,0.294,0.9778539922147194,1.0973956011956767
79,3.917900459071164,4.388630814047774,0.4,0.238,0.6417051117946526,1.70594289992617
80,4.11091967723258,4.015089469532595,0.366,0.346,1.0147329602447648,1.0485617095177195
81,4.12740355465964,3.8514861799287425,0.354,0.298,0.9701934678160667,1.0170901774678422
82,4.035374818594041,3.5265540700379017,0.374,0.3,0.8887210222774956,0.5959232134384258
83,3.816758405334893,3.8417849119861507,0.318,0.312,0.8708550060167939,0.8535981447197147
84,3.9869441755785635,4.10763739043361,0.364,0.33,0.8560163256652966,1.1510741246633667
85,3.8043319538629774,3.685584540966475,0.294,0.356,0.9344378363135434,0.7172819188862729
86,4.141912181957238,4.323416668474548,0.292,0.33,1.2540388604316006,1.3582367331801068
87,4.1803117546263024,3.8841075714486752,0.324,0.308,1.2470233217637263,0.9691636068300346
88,4.3581705687964,3.930820825849561,0.366,0.27,1.1463613019337813,1.223431409474319
89,4.215555342756554,4.080175308279189,0.358,0.366,1.196519238076609,0.9620265860647141
90,4.047134227407376,4.104549130374693,0.396,0.25,0.928034852753076,1.3045965113007356
91,3.9270476171860134,3.664382844443789,0.336,0.378,0.9679781707465452,0.5349624811681344
92,4.143815300716496,3.726508936072555,0.336,0.324,1.0864537231691016,0.7817393032488618
93,4.185840984394532,4.232625715929073,0.398,0.282,1.0629941960257128,1.2887132804559414
94,4.143296637468267,4.150134896633701,0.326,0.394,1.2056809055404927,0.9808481907000964
95,3.9639794464716456,4.0857138255288294,0.394,0.284,0.8728763626333024,1.2656654051740401
96,4.1366094894438765,3.6784355079914572,0.29,0.308,1.249607984886311,0.8091398724529774
97,4.086003322145731,3.6270771170465173,0.35,0.284,0.8324639075140817,0.8892011853466897
98,4.2173884346221495,3.934447453244527,0.348,0.282,1.0970873467870652,1.0869915264377867
99,3.6062924379761703,4.300569988456733,0.264,0.402,0.9522102354895451,1.0681659825448344
100,4.113540427031777,3.818257421000272,0.326,0.292,1.0451352507383265,0.8684339139340455
101,4.071973777829377,3.8649179979496053,0.384,0.318,0.8963375109983848,0.8031829378619817
102,3.72148788970326,3.625189949447755,0.386,0.276,0.5676723213165612,0.8089841250296993
103,4.370368217238628,4.468050315835518,0.306,0.276,1.46783021851826,1.703485552197674
104,4.278176796328406,4.166596807412775,0.358,0.272,1.0739263918400268,1.3478944109387934
105,4.2722327183351325,3.6610586985766256,0.398,0.276,1.0345722787015295,0.8100921351338651
106,4.436158403043816,4.375847968530967,0.284,0.308,1.6667708245474433,1.4288190152130233
107,3.9271728081730926,4.182841129997572,0.322,0.332,0.9901820992153095,1.3116238245671634
108,4.3483769537032035,3.4892322366240887,0.39,0.25,1.1373228865996063,0.8665613307475546
109,3.817770012740744,4.199026504257483,0.296,0.316,1.0014188203159264,1.2600372858619415
110,3.7114329891294333,3.7590773702416755,0.318,0.294,0.8116005324976926,0.802060889413289
111,3.8587401929298104,3.804580939099916,0.358,0.344,0.8341242738977926,0.5848006644222048
112,3.884467884074006,3.6253600875858742,0.316,0.306,0.9054887603790281,0.7345030400914705
113,4.157018829228514,3.968176193837131,0.458,0.182,0.6346601678746217,1.4841811748938272
114,4.432408828257062,4.185022989712634,0.352,0.252,1.4155410558081214,1.5323452423159747
115,3.791239785317711,3.5079674570434687,0.338,0.29,0.6978712543265368,0.8707160081583473
116,3.893271447581114,3.804541746362885,0.316,0.282,0.8333815320977391,0.9999398962381711
117,4.05252629244853,3.829706957474389,0.368,0.29,0.9697904031675199,1.0084370536829261
118,4.052780628775799,3.944390798479565,0.314,0.32,1.2227978573923792,0.9241431516079245
119,3.9874696209538243,4.309282050730676,0.354,0.278,0.9196940343948299,1.5533018997857528
120,4.123413162340851,4.215154234953358,0.344,0.322,1.3038702812250198,0.9868581278455534
121,4.239156373249006,3.96085032629542,0.36,0.316,1.0832875334771217,1.1674584304141151
122,3.9147970706759594,3.942721824696941,0.36,0.276,0.843793513028044,1.141093535085133
123,3.869330297231986,3.742677554708102,0.356,0.302,0.7175104214546201,0.9073381186429789
124,3.954118917222553,3.719705561429083,0.32,0.326,0.9283461536222626,0.7909787796469046
125,4.1173505319069905,3.818445981911513,0.356,0.34,1.0599467042460156,0.8083602788207839
126,4.133279814315246,4.059393195168445,0.37,0.248,1.0294843359721837,1.3507327910454838
127,3.986920407030652,3.8749713172931752,0.356,0.246,0.9626581919864735,1.2439271817990045
128,4.0447102921256555,3.872793971862118,0.346,0.342,0.8651735415654151,1.028890887845149
129,4.399560731700087,3.5566008473373287,0.314,0.254,1.4565620086659499,0.9175972035110608
130,3.7814406151479516,4.025485798353996,0.282,0.39,0.9557345001097548,0.7980509574132638
131,4.4245774726402125,4.213493319826015,0.44,0.262,0.927609652042018,1.5039053899638257
132,4.139415128393675,3.633595169670656,0.322,0.344,1.2248474367419893,0.7104961099594436
133,4.219740672795595,4.375111598332218,0.322,0.314,1.2998142237907058,1.4850148469310278
134,3.771343844747745,4.403378810034706,0.296,0.328,0.8785302141358884,1.4831812394556285
135,3.7931309982486265,4.223997709430734,0.342,0.276,0.6898474557950691,1.5334338434467771
136,3.722559315902203,4.101274086032143,0.346,0.344,0.6220378176616645,1.0432012965301647
137,3.8019537648236383,3.96040066968603,0.292,0.35,0.8223769101733169,1.0829430216835445
138,4.4552448841233945,3.687726037206264,0.308,0.29,1.4403907005728702,0.9491920857730752
139,3.730482620459692,4.188514125908956,0.31,0.338,0.7517594736740089,1.1646975237885975
140,4.098573207280041,3.7703883585333875,0.356,0.302,1.0673377684904632,0.9284903757608837
141,4.232238163760017,3.588885528858811,0.352,0.294,1.123014470646,0.7294834688897017
142,4.187624980729907,3.8037826118017515,0.346,0.334,1.3574179022262154,0.7765807808201091
143,4.372606690278627,4.695456715801265,0.398,0.256,1.0297232507031746,2.040882158602683
144,4.094387589927159,4.051849533659515,0.258,0.37,1.3900726764970244,0.8203300655972693
145,3.9880000973903083,3.6377809661899203,0.392,0.328,0.8068251479630405,0.6287745762113458
146,4.36167881133489,3.956631718269202,0.404,0.284,0.9465089471958201,1.2325055040495836
147,4.36552366539854,3.864313622354559,0.274,0.348,1.5959621855679782,0.8062207926057066
148,4.167483997393523,3.3881868141408678,0.358,0.302,0.9428085053550479,0.54226977312836
149,3.9950206233779557,4.070632573839886,0.352,0.274,0.9670884829646551,1.3390930196704813
150,3.955520058457592,3.890847098109884,0.378,0.262,0.9188814170738038,1.1806884966985876
151,3.904494796526519,3.6440834081420075,0.272,0.35,1.0194032810667017,0.6094645744551225
152,4.294221298942159,3.630908088635269,0.378,0.29,0.9566910985042458,0.8182958049493195
153,4.098005298890967,3.6306717301235407,0.416,0.278,0.9837075316322504,0.7934565583733529
154,4.782930323459896,3.928012175889451,0.32,0.316,1.81774423736138,1.0722257662043393
155,4.0750247370159665,3.790764875291564,0.298,0.346,1.2650825962533432,0.672471128378202
156,4.1825986334960845,3.929766274528773,0.368,0.28,0.9975368672863177,1.030250475215388
157,4.026414084991838,4.438906182987422,0.278,0.408,1.2216825532153792,1.0707544759689411
158,3.773638120685117,4.066855552621908,0.332,0.342,0.8905532479224432,0.9142755915742888
159,4.35214930804371,3.7899725380690596,0.444,0.276,0.7873634594082545,1.0546621361748951
160,4.357956342534828,3.4481609456468796,0.416,0.244,1.2835057197424555,0.6382895419806676
161,4.280288035167173,4.483476962196256,0.288,0.316,1.358334284480446,1.6029392423318474
162,3.8549718559449286,3.5099706134611215,0.31,0.28,0.9426626196167728,0.7479358075931238
163,3.885284952432702,3.9293548228137976,0.324,0.334,0.8714819452299919,1.0183426104580624
164,4.40323098428364,3.892955683729523,0.41,0.238,0.9335980972544454,1.3012338787220066
165,4.018511399349862,4.0442667038406,0.324,0.318,1.0951742598357552,1.0613483893600748
166,3.9787251851767182,4.15025569397198,0.358,0.314,0.8138141866669826,1.3702756946441226
167,4.392774662223321,3.753218004509943,0.412,0.316,1.0939767152769317,0.9213904760856607
168,4.43178532206906,4.27674778889561,0.412,0.234,0.9337341017670627,1.706527045353281
169,3.923558093168607,4.361271648315961,0.32,0.252,0.9227283180251561,1.6847104969610747
170,4.472954404075862,3.8924693728533226,0.4,0.27,1.24048537784747,1.0637281641677454
171,4.029641060356678,4.10946310832677,0.31,0.362,1.0645296094599463,1.1353815814172814
172,4.043754704462088,3.916042251487811,0.31,0.316,1.1222693915452304,1.0285067707722568
173,3.7776122864066917,3.7637614572220413,0.28,0.224,1.0694626653477521,1.0522812961249584
174,4.004402200493803,3.761850510786551,0.332,0.344,0.9116972538196254,0.7494161476457142
175,4.296127691346479,3.781961375563688,0.326,0.328,1.2168700978581406,0.900756190232548
176,4.269624748982777,3.702393908455477,0.38,0.316,1.1250052703956093,0.8919316412254272
177,3.8173564595636242,3.8080902638624567,0.352,0.326,0.7547658981431045,0.8416635957788802
178,3.8002271756545487,4.1732630678143625,0.346,0.298,0.7821836169496658,1.30542321084056
179,3.760139955701767,3.826284640756036,0.33,0.262,0.8098160543416083,1.061098512966191
180,4.344322332826387,4.031426457303914,0.336,0.282,1.3733277712555847,1.1797750222849415
181,3.679663492691237,3.858109167983437,0.334,0.282,0.6895921930136808,0.9936840377191877
182,3.8354682452244564,4.3318962882632235,0.246,0.454,1.2440958426885167,0.779478254119136
183,4.023195567181527,4.076036648318676,0.3,0.332,1.208516696911181,1.0773828071103462
184,4.170717129468924,3.981225335424653,0.346,0.296,1.2115281404131575,1.1451374364427815
185,4.151044493388181,3.6728903142888396,0.39,0.266,1.0016645478894186,0.7945519417375346
186,4.105541251667667,4.26922206787297,0.314,0.322,1.1923971978069101,1.2844810944403349
187,3.74409455034462,3.9449597422899383,0.334,0.346,0.8478830305325274,0.8423708656832891
188,4.179246213445544,3.7924547610795933,0.344,0.298,1.0777943961548377,0.9875595693258508
189,4.175121629125968,3.9180363014831827,0.362,0.328,1.167996924257589,0.9741314678434068
190,4.26177688575701,3.791790936518018,0.346,0.252,1.1468300374670746,1.1230869238935528
191,4.8636632623630565,3.85599812189844,0.39,0.362,1.6644433590627314,0.8287614886576605
192,3.8234730373659844,3.9404747700608063,0.238,0.294,0.96671398422788,1.0697236666115764
193,4.099456630671165,4.000615124769563,0.334,0.266,1.0412236981527838,1.1700204361964932
194,3.7820734017502864,4.665434917491347,0.292,0.366,0.8380139264232646,1.6127813020627866
195,3.8072036883936766,3.8935367785703083,0.406,0.272,0.6396064389620716,1.1367241602605234
196,3.8075877005226317,4.011101658149826,0.318,0.26,0.8367438936797797,1.2889998031233512
197,3.7628654621770057,4.266836603825012,0.29,0.4,0.9395244286617973,1.0213885707594428
198,3.650132299669967,4.133423572044616,0.27,0.392,0.9955585695363827,0.9931124587278929
199,4.115734833827008,3.522922287079551,0.332,0.256,0.9777217765166331,0.8639677704045996
200,3.8082732557008723,3.652309786235912,0.3,0.304,0.846862960664564,0.8919467258212743
201,4.616394860667506,4.084917725899074,0.38,0.284,1.4880858470167586,1.1572348568668815
202,4.595266238249466,3.972046787133992,0.38,0.234,1.3484707696773546,1.343067880256239
203,4.375922392797257,3.9557644955362727,0.332,0.306,1.4691470230912853,0.9696267753378204
204,3.8843631085620896,4.719061971619488,0.294,0.298,0.9708827802094728,1.7960495809111479
205,4.1828291894052665,3.766137189853343,0.422,0.248,0.747046598287182,1.1089379619879551
206,4.621388214647478,3.9019158590629566,0.376,0.33,1.4501193914015549,1.0803587464748312
207,3.984047597110195,4.2219785492503785,0.238,0.412,1.3991138401877252,0.8251627372852668
208,3.943326827814841,4.144362544259323,0.302,0.316,0.956147086940637,1.2175635489963468
209,4.181872765419642,3.8345003380359297,0.344,0.316,1.2049654175539473,0.9200757675088475
210,4.068843139612939,3.742420405687833,0.316,0.352,0.9281351979707148,0.690250695825057
211,4.112153167792916,3.8970851113421108,0.276,0.366,1.3387184978347166,0.9223760019000491
212,4.005131238687471,3.9790367429273896,0.286,0.376,1.2636742951179378,0.7484146021768842
213,4.211826590495653,3.9634687720600295,0.324,0.364,1.0688331076081508,0.989900181401615
214,3.932824007449449,3.6701426979648755,0.358,0.298,0.8604041533729176,0.7367156251272226
215,4.131798709975098,4.345562531069019,0.348,0.348,0.9730011108620872,1.3287027588783578
216,4.007794320552219,3.908028965676348,0.33,0.348,0.9792636492017642,0.984729054034459
217,4.234503788501242,4.096454330962151,0.354,0.298,1.178904054485859,1.2257243265580244
218,4.073350247930376,4.048775339374427,0.298,0.328,1.18076404339742,1.0493474065608455
219,4.311033528017208,3.7363987325103194,0.306,0.364,1.2771003378011023,0.7056259257841169
220,4.017747712894898,3.701279524893275,0.356,0.304,0.7621434532228826,0.9236595014803742
221,3.985505294068484,3.589996620979997,0.348,0.3,0.9156711546199606,0.7441066525932905
222,4.160292191503505,3.9396751634806804,0.258,0.366,1.391975009378635,0.8183106315873668
223,4.063363432481057,3.9219055710461976,0.384,0.234,0.783370219325598,1.3601982216688673
224,3.919036309264174,3.924211072686467,0.282,0.296,1.1647665260446174,1.0277257875107324
225,4.298278649551672,3.7342168696500755,0.306,0.332,1.3296522380978388,0.7902299960393305
226,4.2856341578973165,3.8897858825214593,0.304,0.328,1.2301998073379763,1.0404562725725681
227,3.8260656867805136,3.6111479889134026,0.322,0.322,0.8400848509132288,0.7086852132527527
228,4.20293283790093,3.9140229066101946,0.33,0.282,1.1161495539278914,1.1265546758736658
229,4.124281318095814,3.8199804546287783,0.362,0.224,1.0409453838526728,1.039723336788743
230,4.263404233664942,3.473937101172013,0.338,0.23,1.3586436713376442,0.7606179028642773
231,4.054650810092859,4.482691468099008,0.346,0.338,1.010362073977709,1.499596246244354
232,4.2924520316449515,3.9109601866122494,0.336,0.336,1.2195288570825131,0.8799122977041463
233,4.616008125418946,4.139021110276632,0.238,0.336,1.9379644264685374,1.095513056790991
234,4.716882796745856,4.16683477746771,0.372,0.258,1.5267884121314106,1.4088802937708085
235,4.0765923720263615,4.019806695381108,0.306,0.404,1.243448137720556,0.7351561177449164
236,4.1543664940871565,3.8951130874129953,0.302,0.318,1.3454979828138107,0.8207012160768234
237,3.8950720466801756,4.172316168664397,0.31,0.33,0.8031394454891809,1.3015094952728246
238,4.176662798762978,4.534025301331814,0.332,0.278,1.2508041666918053,1.800185255601304
239,4.148213247305618,3.9453540912582845,0.322,0.336,1.202411830752922,1.0317626966194768
240,3.811079549579696,3.867467958285647,0.294,0.314,0.9231774915038596,0.8969452769054276
241,4.304660745655434,4.231072492840019,0.384,0.266,1.2327769527696417,1.4344404852476307
242,4.144148373565511,3.750387118213809,0.378,0.296,0.9088472008952535,0.9200555034635632
243,4.14938667337748,4.12268041386696,0.258,0.324,1.408135186165809,1.2090068806302623
244,3.9434199754285526,4.005265034908138,0.26,0.326,1.2260780878478028,1.0010790279168165
245,4.101904611671715,3.91848929342391,0.348,0.26,0.9999068561062099,1.1986464346556582
246,4.396031461308783,4.575080569361475,0.392,0.242,1.1786946029203478,1.9366991462945362
247,4.161060700166577,3.5835799567669255,0.358,0.26,1.073864516509851,0.8690887142424687
248,4.084014465048685,4.042400723636723,0.318,0.324,1.1852571875515785,1.0361909225872807
249,4.095379056543281,3.7257608842647354,0.308,0.35,1.1099309802554471,0.8010958869859611
250,3.8621456736206277,4.470340900708141,0.38,0.216,0.607067329807865,1.966206698069524
251,4.1175629185509335,4.286437643218111,0.332,0.388,1.1755085363273674,1.1434718132054673
252,4.338955236696949,3.76839307847453,0.404,0.344,0.9645201719838054,0.8877963241175127
253,3.97504767738046,3.6096563895257288,0.368,0.29,0.8915806315323982,0.7452569780530781
254,3.7794581990482374,3.8940502774810852,0.326,0.258,0.8560539899316034,1.0977846790413115
255,4.0322113476652195,3.8672405197125155,0.338,0.284,0.9897955332362142,1.0803806142302035
256,3.875543021204365,4.583958067001249,0.362,0.266,0.7216724048634177,1.7758101393465602
257,4.346085399000133,3.7589735137983578,0.336,0.314,1.1750104094424725,0.9715839521811934
258,3.94182728116787,4.255999039208237,0.278,0.272,1.2871494826475907,1.4057642430055657
259,4.480820087257771,4.020479729636144,0.354,0.312,1.2517368864073388,1.0594519015158879
260,4.179114741823059,4.0325490526795615,0.388,0.308,1.0536798473425795,1.159395618045899
261,4.061840263857812,3.7236170507419954,0.362,0.226,0.974903163033746,1.139900325467374
262,3.787503969535063,4.3770511780525725,0.296,0.306,0.8077567335247217,1.5996598053452966
263,3.519716103778154,4.3258683389241375,0.246,0.318,0.8069889752489661,1.2933063247842531
264,4.349082296439553,4.230996807061413,0.368,0.27,1.1993262779041782,1.4309539794969228
265,3.8608224979624364,4.076091619282908,0.362,0.318,0.8418337885827658,0.9750323373999227
266,3.8485883822202083,4.115078956946846,0.266,0.352,0.8853904104670245,1.2077819796904032
267,4.026416388238819,4.09878005714848,0.34,0.262,1.0973447408955048,1.252681553514644
268,4.774307274199336,3.8029563980655166,0.35,0.354,1.5205491064144387,0.7989956730891111
269,4.108683396020818,4.1208166944616265,0.368,0.294,1.0684765790558481,1.2843147122387721
270,4.09718801366877,3.761556578929825,0.382,0.316,0.8491514440498105,0.8617081978630918
271,3.6971617704189343,3.7758985779674634,0.352,0.308,0.7616095109345682,0.7875105551483524
272,3.7386916135681596,3.9704508475640155,0.346,0.336,0.6240696284432055,1.0503175595897898
273,3.570306765793631,3.672489671704084,0.348,0.276,0.4913795913920826,0.8142808652838864
274,4.13259074996065,3.658927832429924,0.362,0.276,1.1394834798442726,0.902545019737434
275,3.8815120906666496,3.988517895078893,0.296,0.37,1.1345354848962823,0.8030543777955792
276,3.886201184654806,3.8975800674881853,0.312,0.326,0.8732314103517874,0.9271389904331329
277,4.284380498856207,3.589526316029174,0.342,0.308,1.2351424150866623,0.620607639142764
278,4.314698526964503,4.056890985861886,0.354,0.254,1.3578715578182927,1.2269893081958887
279,3.986826353373338,3.871785697115179,0.33,0.342,1.1783858352212604,0.811640762831044
280,4.148449855866778,3.771546331063648,0.356,0.306,0.9367099546964381,0.8717861678470374
281,4.212894453277675,3.7194718949353707,0.278,0.296,1.307091315181549,0.7846341107027102
282,4.385989989115161,3.4752115260471474,0.376,0.274,1.2246870530320317,0.6537749388152391
283,3.893141557070677,3.9787241597847176,0.364,0.362,0.8455988555526506,0.9464216521859543
284,4.098115852837691,3.797647756221756,0.444,0.266,0.7201732459941093,1.0635397016370527
285,4.200287037672544,3.8663774001409763,0.322,0.258,1.3062897827024493,1.0678052223679062
286,3.756356184299296,3.758829981867035,0.38,0.26,0.6597761258773307,1.065173037905235
287,4.236337117207627,3.665466026162749,0.392,0.284,1.1708629046152823,0.772317950397599
288,4.0788169615171554,3.604804634039726,0.316,0.314,1.1741289484322823,0.59307390862673
289,4.442730683308503,3.6966584035034167,0.35,0.232,1.4049501415455214,1.0579854080277926
290,4.062923055963543,4.170410661226039,0.286,0.346,1.1465897695164813,1.2600246857799093
291,4.274938209341049,3.505344419575894,0.394,0.284,1.0408533424368456,0.7025652687633346
292,3.8106619388672307,3.9491632343902117,0.364,0.29,0.8483070731238201,0.9721089075013619
293,4.067144939397455,3.8362822023828524,0.308,0.332,1.2228740512053677,0.8719407898388736
294,4.1680208325398596,3.968754324001562,0.332,0.35,1.140527148319225,0.8486292067013541
295,3.7784317057501187,3.787398341794941,0.388,0.28,0.5191984835019655,1.0434201341742493
296,4.122673681531392,3.4709501525128137,0.342,0.33,1.0557440896588892,0.4874494853234803
297,3.959840283201208,4.183923710391928,0.322,0.362,1.1016853054029703,0.8527453793022008
298,4.292323284840302,3.9463915805711953,0.372,0.342,0.9894832584020673,1.0679016447665393
299,3.8412750550322423,4.000917002058679,0.33,0.278,0.7236317778371513,1.2278944589856293
300,4.4495411468390795,3.866564843647197,0.318,0.268,1.2805013911840468,1.130500431006867
301,4.296836015458395,3.8493183542294966,0.38,0.26,1.0419485421372303,1.087954577457478
302,4.182260502388502,3.88082216726362,0.312,0.326,1.3681281215417187,0.8723800520373425
303,4.332421449316589,3.7681939856782902,0.364,0.286,1.2732465837881335,0.9333334388080441
304,3.8567759774958477,3.9468182366401994,0.31,0.272,0.9388224868192839,1.2383955072491275
305,4.168981415251016,4.4808048872961574,0.354,0.262,1.1841808262745128,1.814165006161436
306,4.1830380111545855,3.380707722563958,0.41,0.258,0.7900694966105318,0.728116147992915
307,4.114872954986863,3.861771609510081,0.36,0.288,0.9975782169562865,1.1371344553674732
308,4.454674335785548,4.061932834636447,0.424,0.27,1.0089316015134293,1.4020559133419477
309,3.451013488395992,3.6351133882363875,0.32,0.324,0.5008064691785789,0.6167679846765362
310,4.41651778914035,3.872328529273206,0.306,0.362,1.4153328913808771,0.7389813010990779
311,4.254107871925359,3.240773488896162,0.38,0.286,0.7526763441487342,0.578565253835979
312,4.07146217980367,3.960887995974525,0.372,0.282,0.9313925954963799,1.238555115053116
313,3.7800362825775977,4.118322978133372,0.314,0.268,1.0120689104089093,1.2729014289718688
314,4.186821766380896,3.6631303216386666,0.322,0.236,1.339597382360244,0.9098941991033724
315,4.347837495042381,4.226702849156512,0.308,0.314,1.5565462512306556,1.3313613856312132
316,4.337080177646355,3.290275856254637,0.418,0.214,0.991102161746527,0.7189328105962852
317,3.9142286574867153,3.9627800992199873,0.382,0.306,0.7605221983319783,1.1185948063902869
318,3.831056190160928,3.746646443176889,0.34,0.294,0.8002289769676137,0.9667991982666461
319,4.082051126971166,4.167136124023355,0.234,0.346,1.3459062757011386,1.1895306127433118
320,4.3869064823482,3.838523277535919,0.354,0.27,1.2650024478320874,1.1397368790547786
321,3.896278668897529,4.16583208879248,0.312,0.328,1.0640357821776765,1.2833164720217334
322,4.367470442441295,4.083031618523305,0.378,0.276,1.0670333864041899,1.3338639458255297
323,4.563719892004955,3.927380813950423,0.39,0.274,1.2325814352981908,1.2624140449080392
324,3.9829955027212796,3.818820783604502,0.298,0.382,1.0613769169323743,0.7862479038904773
325,4.650138324975303,3.796427876908355,0.368,0.328,1.601922533291909,0.8170972715793343
326,3.759076747336352,3.569413974065724,0.342,0.274,0.7620589710634701,0.7099763010345843
327,4.408116214584645,4.407502147281012,0.384,0.284,1.1876804495478281,1.6260476512656048
328,4.035285932259686,4.106192397096353,0.34,0.288,1.0246425052404164,1.33919209889378
329,3.7051742365824776,3.9951333196763086,0.322,0.304,0.946378023732711,0.9209671845175941
330,4.188419133913435,4.086498609576121,0.28,0.412,1.371244249788646,0.8455067590629314
331,4.143977593703312,4.423349738907474,0.306,0.304,1.2725341812078423,1.4713765928929259
332,4.0772076949500935,3.648768380192852,0.362,0.292,0.970659589241192,0.9240762478832089
333,4.206462540593306,3.8181183559232648,0.406,0.278,1.0788380811339868,1.1923456646296111
334,3.6707706355785152,3.8222871231328974,0.254,0.388,0.9278908598556798,0.6828184695964682
335,4.154826345186451,3.658764360809538,0.372,0.268,1.0960229998630509,0.7948707842245236
336,3.9330473576150684,3.829321410118724,0.344,0.282,0.8673757944674749,0.9223436251845403
337,4.033838596656379,4.4761314283667515,0.228,0.384,1.2961355308446452,1.309907669824317
338,4.2450333646719836,3.4961750969429053,0.34,0.262,1.2977642767522821,0.6743794016579949
339,4.272232853459974,4.009414960011272,0.332,0.282,1.1112571038024233,1.3141504008755713
340,3.631289844591408,4.512335077343554,0.264,0.306,0.866134032093322,1.6031532960426542
341,3.842141539906922,4.4805958097137335,0.33,0.374,1.0547318199597375,1.1971559181147908
342,3.9986419702614318,4.2033894652726485,0.366,0.326,0.7975775307212212,1.3369754612498654
343,3.8438102438369737,3.636003559372265,0.33,0.322,0.8294966777353263,0.7080875867460695
344,4.137209040367613,3.938292520240358,0.414,0.258,0.954712203323745,1.2737198491452384
345,4.067509593441034,3.912723325912728,0.278,0.278,1.262848826628899,1.041857282904587
346,4.16932050441218,4.1305833105996,0.306,0.334,1.1999287170579362,1.206113504621942
347,4.183723837564797,3.817367904346332,0.44,0.214,0.7765172149798356,1.2314565972545648
348,3.9971907059514846,3.9190670545994473,0.322,0.38,0.9367560299561505,0.8745119667703236
349,4.328904076794651,3.7554690487337172,0.44,0.266,0.8450246471160742,1.0063328382386632
350,4.156259764989839,3.7447408581770882,0.356,0.312,1.0580421339230748,0.7874283946121319
351,4.4974258511836105,3.5466010232696967,0.41,0.24,0.9966945744257951,0.9147133519629617
352,3.9028331625972097,3.869834055214366,0.354,0.258,0.9018395981305527,1.09423834148575
353,3.7760864156146434,3.7329068805575654,0.354,0.306,0.7203027109378747,0.7647707740128861
354,3.7199062659688558,3.9230168255749787,0.346,0.29,0.6194394135716689,1.0779701622290425
355,3.7286344762703476,3.984963196968834,0.316,0.366,0.81598829800042,0.8026785852153402
356,3.782031537257615,4.267771031232447,0.326,0.372,0.859917453674787,1.058382004225706
357,3.579990553646959,4.145309161705534,0.272,0.322,0.7472369192967792,1.2115372684937187
358,4.1584004080705235,4.042276423544299,0.374,0.32,0.9946010059293221,1.1697859824937071
359,3.9712765005715687,3.995364135455273,0.332,0.258,0.9483976351367235,1.3208771990002806
360,3.9887571372263846,4.130815125382734,0.284,0.412,1.1842542218040157,0.9185610459184146
361,4.1290980466162415,3.7838229632892486,0.324,0.31,1.0642182987773237,0.9604931716220391
362,4.3324515295219514,3.886621723517416,0.356,0.324,1.2472514465620257,0.9811683141160173
363,3.9657654259388657,3.7787519658211384,0.37,0.278,0.9736794115505613,0.9880529229800911
364,3.769452401775988,3.890274885515026,0.302,0.424,0.8741270205746162,0.6569727020606183
365,4.3149732302116535,3.9696513192122893,0.35,0.354,1.1313679918959891,0.9870078720904412
366,3.603063625779329,4.098549837248008,0.286,0.324,0.7956087446989804,1.0872556361918384
367,3.6199098405684875,3.791136230609295,0.32,0.338,0.6619083698901432,0.8202566563898609
368,4.253703855293422,3.7482173007150337,0.44,0.252,0.9472855699875715,0.9402412802364245
369,3.646829728998865,3.850224858467077,0.332,0.304,0.5556644300740029,1.0374197503902751
370,4.17317553348538,4.3565734267295015,0.306,0.35,1.2572009329569596,1.4216523642667795
371,3.6854988937708972,4.059662694981052,0.244,0.422,1.1130869803151318,0.5061484062120049
372,3.821989655241302,4.318150393571483,0.376,0.284,0.6852828745688576,1.5324217782540737
373,3.8963850648825034,3.804722114179579,0.37,0.368,0.7642863709731854,0.7102735800112074
374,4.184114536809846,3.9995649381571643,0.378,0.286,0.8739843208783706,1.235634976900334
375,4.201748004056845,4.165429360731072,0.364,0.31,0.8830103384025008,1.3106634867174276
376,4.105937112226899,3.618330264223725,0.326,0.344,1.006560104774901,0.6708719590473698
377,3.7949462955467643,3.970528248266269,0.268,0.3,1.0725115912860839,1.1507970027514478
378,4.213557651617701,3.982495307346259,0.356,0.278,1.0003826507073843,1.1924130888254398
379,3.9166519478655832,3.9312415017142777,0.354,0.29,0.8329291902703932,0.9267927740175478
380,3.9765576930970576,4.079904314655365,0.38,0.256,0.6658933913514739,1.3640515006866065
381,4.06175490336413,3.626211455719236,0.398,0.29,0.805738016942313,0.8404371861310779
382,3.7667266855704153,3.6550682747111054,0.376,0.312,0.6523227709011465,0.6291739245720488
383,4.184792003331157,3.9121317667277165,0.38,0.21,0.9330702934401633,1.310786990840502
384,4.116139846231854,4.211303351067986,0.37,0.232,1.0491688571318383,1.4301150412685768
385,3.836421639195136,3.458177786329715,0.344,0.292,0.7344727889540354,0.628274860631058
386,4.050503443537371,3.5495453381506588,0.364,0.294,1.0297652992807327,0.6336305922704645
387,4.114759934850024,3.9393460966664273,0.252,0.38,1.4700084561554798,0.7466974127636571
388,3.99556758760831,3.500471364983931,0.32,0.282,0.9408087648528815,0.731750567883181
389,4.164401519943064,3.5020115456041276,0.44,0.222,0.6488738766090466,0.8812156140880261
390,4.111904888932322,3.6924284804362704,0.374,0.238,0.945616078470348,1.1520617354592708
391,3.7826111397035365,3.783279829894547,0.282,0.352,0.9472904504578454,0.7752331380817777
392,4.348782608022941,3.970170438070083,0.344,0.304,1.2395222521074476,1.0565801347178847
393,4.318599484592721,3.590236353627759,0.416,0.274,0.9897648358820604,0.9162856985673826
394,4.3280756309126325,3.7174180804088888,0.442,0.238,0.7556731919720947,1.0482019781913843
395,3.963637408978575,4.0373516348820875,0.304,0.3,1.0471214175570756,1.1910022326417615
396,4.709944015437026,3.755706960453961,0.384,0.346,1.4640369007792369,0.8816133918991651
397,4.143630174686735,3.752410255572715,0.34,0.304,1.0260154687479757,0.9221639044916258
398,4.012908272604458,4.011578854395428,0.308,0.346,1.0704458595514894,0.8581507090614987
399,3.96225536266345,4.1619007758923505,0.278,0.304,1.0923581004338343,1.3571919549500617
400,3.9546022524538884,3.973758583461418,0.32,0.308,1.1002782594403386,0.9763824663135309
401,3.7443665222240194,3.870302781080639,0.322,0.358,0.690597100338406,0.7372240967098647
402,4.121421778133482,4.219514115977493,0.336,0.382,1.1513497507450712,0.9701704298865101
403,4.367919033159307,3.7241135589806413,0.296,0.304,1.5785240400599723,0.916511687509887
404,3.903277390759568,3.5512941089508505,0.342,0.3,0.8465590686073563,0.7604348619138592
405,3.7660991378750492,3.9746463292766414,0.272,0.392,0.9340183608044237,0.6947338400122562
406,4.39449155177784,4.428062954065061,0.392,0.288,0.9501777075032938,1.7208771279616735
407,4.084714812937013,3.7571222557994197,0.346,0.33,0.91692160846234,0.793159269865429
408,4.203451502949748,4.190885376039075,0.238,0.41,1.5697951579582372,1.1198675052883453
409,4.021453799211951,4.00370350308421,0.368,0.276,0.866639079452312,1.2331257651580636
410,4.0611938065093955,4.249271641349804,0.274,0.37,1.2735575451784609,1.1123556695773198
411,4.139711421692292,3.6396283213799694,0.412,0.276,0.767321046377981,0.9339991505715652
412,4.064259526137486,4.21400645348268,0.304,0.35,1.1990453250104576,1.1496587151741575
413,4.2254742360205375,3.7831498726910597,0.37,0.216,1.0823094678443697,1.1611477389166294
414,4.557259242716225,3.8863735597347167,0.39,0.202,1.3516144083208357,1.2016387280720504
415,3.600132932386591,3.8066776513460665,0.35,0.33,0.6062352826350403,0.7888655930133861
416,4.406565037105825,4.219450187900409,0.28,0.33,1.5138229888487562,1.2828402773950018
417,3.77543095913187,3.809891891150847,0.326,0.374,0.7481557701924394,0.6689724819365173
418,4.034334278033659,3.9504681779128408,0.326,0.31,1.0608709896126547,1.0604865810042925
419,4.02773550023786,3.826258973515613,0.348,0.278,0.8298034038560655,0.9784223792864101
420,3.959608038017718,3.9787200494035413,0.394,0.254,0.7577394525038557,1.3723018022827695
421,3.7682914329551935,3.8671821033797853,0.328,0.306,0.7492843609746396,0.950922955104125
422,3.92221835442705,3.6169831188817274,0.338,0.288,1.0656059863326341,0.7151986901343507
423,4.030718178813709,3.894664470226527,0.344,0.304,0.8873470495174737,1.036888154865496
424,3.9145215060953285,3.969706357760456,0.348,0.3,0.7107245033793723,1.2309255720466372
425,4.237549826062227,3.6356314065827786,0.354,0.28,1.2071565843399703,0.8159539395496249
426,4.2757079938857325,3.8217275089859,0.34,0.288,1.0985129447850674,1.10107783894927
427,4.118426750350932,3.7192795040354207,0.32,0.314,1.1264550998154033,0.8784246053516721
428,4.06706740265105,3.8325516890643687,0.3,0.264,1.201242567976249,1.087685436224524
429,4.295232649141015,3.810361268198362,0.34,0.318,1.2325814633117316,0.7962896502587578
430,4.2470075699590115,4.129703223075624,0.246,0.288,1.4017068872336835,1.3104604325258802
431,4.388398236492293,4.0471596555162375,0.32,0.286,1.3506782104844763,1.2079762087794135
432,4.678995614167217,3.625178558805862,0.314,0.306,1.7829185558290293,0.6785816993744136
433,4.152433022003619,3.754811847620619,0.3,0.28,1.1673762124412779,0.9454292795993173
434,4.268354078053926,3.886140541122673,0.444,0.23,0.8749590460414911,1.154209209285507
435,3.9235487056154774,4.032578745415815,0.3,0.252,1.1374992901542123,1.243853353777345
436,4.179184799263101,3.921519231896414,0.352,0.312,0.9972493045761791,1.0551005587523299
437,3.810333024863902,3.8740015911170382,0.338,0.352,0.8701483026219142,0.789025940170349
438,3.678739060468417,3.933100160643694,0.344,0.344,0.552940585792356,0.974588134702295
439,3.715263766995676,3.7310125380568016,0.336,0.248,0.637084293888205,1.0054412800366253
440,3.8065157928946247,3.7111441034172605,0.318,0.262,0.8156365946052766,0.9544290837866632
441,3.8422337008560854,4.058146668925969,0.298,0.302,0.9509599938561214,1.1986758132944038
442,4.074881219861093,3.7292093607950774,0.372,0.286,0.7603241185050835,0.9605462822785368
443,4.367360146124219,3.6520116597681875,0.49,0.186,0.8963659494967834,1.0923914581580867
444,3.7446383909996968,4.442194244267923,0.304,0.332,0.7375165710664499,1.572181557784394
445,4.1297550482254675,4.052725762938706,0.27,0.338,1.3617019230944591,1.0558305679345357
446,4.243561850695335,3.732016702079643,0.376,0.302,1.0150542572933603,0.87137256495664
447,3.6952597565082197,3.6707645679790373,0.402,0.29,0.6961520965234198,0.7104464644070463
448,4.15417229127339,3.645951361083934,0.252,0.31,1.4460327192691091,0.7227876809515663
449,3.8385764036285743,3.7351488739870113,0.38,0.256,0.7435572914145072,0.9314099070215515
450,3.7200410625759073,3.878833858272138,0.324,0.312,0.7547434742876864,0.8427422327002102
451,4.079262170287006,3.927046721680976,0.412,0.252,0.681213214467911,1.2237484414632922
452,3.576883174235364,4.020705359951984,0.238,0.35,0.8912714789609288,0.9912091350483702
453,3.8077356446632584,3.994046456209258,0.318,0.316,0.8462345192350228,0.9397716852685493
454,3.836696509409442,4.189527629311606,0.326,0.368,1.0047850179741655,0.9474774956250477
455,3.896498749887557,4.646134454347876,0.328,0.332,0.9332393190095536,1.5356689917428803
456,4.162159010787019,3.7462029126418863,0.264,0.336,1.3329630110804767,0.8787087266477589
457,4.120863366158889,3.9596003335680585,0.3,0.254,1.1925635252826223,1.2121821605564922
458,4.387623967780202,3.5953287239194043,0.394,0.31,0.8210437182163283,0.8626727760037011
459,3.941578979454751,3.797982454980928,0.312,0.294,0.9126997170657706,0.9386194240693683
460,4.435707372074842,3.4108588131796616,0.436,0.212,1.1253524440959894,0.7631997350655747
461,4.13209201114045,3.797291565281435,0.326,0.278,1.1970539332303076,0.9283469738761346
462,4.087719845547668,3.5622439166563806,0.356,0.22,1.0314813093004844,0.8991711517946381
463,4.572199895305667,4.652213863139181,0.312,0.236,1.4918012736180293,2.095715536427531
464,3.7906822015070816,3.9933974048411285,0.252,0.334,1.0399578671326588,0.9480570839621034
465,4.266170513777911,4.036865692121836,0.356,0.304,1.1508115643779926,1.1950638045081285
466,4.256036555658641,3.712106338865728,0.338,0.356,1.1269932492516421,0.6760532712696113
467,3.8758505101304213,4.003049780712708,0.296,0.352,1.0213745949751059,1.071181255217131
468,4.071548450796599,4.012649796668362,0.39,0.272,0.9558606845024449,1.2590844275916728
469,4.319000857186775,3.809940766017993,0.376,0.302,1.063740733614341,1.0192646813370094
470,3.790203493960059,4.28028052697948,0.288,0.312,0.8716076732955216,1.4573638263412405
471,4.41183127085623,4.318530046067419,0.344,0.25,1.272187575148727,1.6418097506766498
472,3.8138625963794315,4.1981417197840925,0.314,0.35,0.9581429668385493,1.15107896998164
473,3.9024905418172064,4.144111623118114,0.374,0.312,0.6165216086108732,1.3090342795531384
474,4.125809964427526,3.741512137574934,0.374,0.25,0.9741065016398714,1.0212862624947596
475,3.9741193389264895,3.6624595477056188,0.356,0.31,0.8708792337081958,0.8311774249158574
476,4.465054219125593,3.614817329295751,0.404,0.242,1.194585581046577,0.9550340232399607
477,3.634268467632888,3.8257815533587385,0.334,0.338,0.62387423483275,0.7743047307066293
478,4.387726108888419,3.829421945246054,0.286,0.316,1.5233295761745673,0.8328726949073834
479,4.627584245554191,3.7166624708568223,0.35,0.292,1.5512836746820093,0.9099940832116118
480,3.814819370175283,3.5973440985723926,0.4,0.284,0.6000586839836826,0.812898243795201
481,4.134422927357912,3.707045969436324,0.372,0.292,0.9747649374852504,0.8879319824834018
482,4.383858831787825,3.990435897766191,0.34,0.368,1.3074573104751555,0.9330655530364158
483,3.8792263896906567,3.5664227726522197,0.336,0.286,0.9092122329622734,0.7642122820761755
484,3.9114087324083413,3.850296620037311,0.388,0.272,0.7377765696233313,1.0549258768540384
485,4.25206715219667,3.8925389608136327,0.408,0.21,0.8403142447135176,1.3258121160839205
486,4.380584249334247,3.9024838780378244,0.302,0.288,1.5919964469433163,1.1033906013293115
487,4.0339497222953185,4.406514498939167,0.364,0.29,1.0104732109512715,1.4389973905906353
488,4.366155284545771,4.024857628094037,0.228,0.422,1.7791495740706116,0.6733977525745294
489,3.8553251749880806,3.7707867048026547,0.368,0.288,0.8786760542357125,0.9746978601490028
490,3.804844796048104,3.900704277455029,0.386,0.332,0.6243396895968193,0.8910185987078352
491,4.132651173366291,3.6792850598600597,0.372,0.298,0.8590662915433666,0.8115927724823189
492,3.725435335608708,4.090203453933243,0.32,0.346,0.7949046610536035,1.0802584720462796
493,3.951077156672347,4.390409907427631,0.264,0.392,1.228687353409479,1.1726967686716177
494,4.449375470466764,4.243484687717274,0.414,0.288,1.1043120749107211,1.373477677462078
495,3.8911437319909896,3.945383673529395,0.302,0.358,0.9613209852800959,0.9126938465926564
496,3.959714483029398,3.712392108298176,0.386,0.24,0.9210073126738312,1.0203334510732
497,4.020888703078483,3.9070351718472476,0.304,0.274,1.1024933137217408,1.0564346869210781
498,4.27887347315202,4.063763537545507,0.268,0.302,1.446542062554466,1.179366420656621
499,4.0960187352729625,4.141597777438085,0.336,0.336,1.0665360071484065,1.1376259032907239
500,3.8790178606677497,3.8999014481436767,0.318,0.288,0.8118744626613819,1.1019203117724348
501,4.096944023233295,3.705223717360848,0.294,0.268,1.1712045056169518,0.8315806521036155
502,4.244784575685436,3.769871891498441,0.346,0.298,1.1472253175375646,0.9543381786424465
503,4.187413930239531,3.9377580121364177,0.4,0.296,0.7900139995918273,1.0896521470903777
504,4.194032021036686,4.0267285672699735,0.376,0.278,0.9923464692854926,1.1887404665231243
505,4.601077260155522,3.8994865425155467,0.35,0.292,1.55467352492867,1.145641330076134
506,4.182102923894693,3.981583715978949,0.348,0.238,1.1192119748618383,1.3626567740457491
507,3.971247076956702,3.8454040463742127,0.352,0.296,0.784295800150011,1.0419113238451623
508,4.19974738906875,3.6898337371841317,0.43,0.244,0.9314682474482114,0.9859026841340669
509,4.511183717878101,3.8273225427915785,0.352,0.314,1.4608303981483304,0.9665006864576975
510,4.01703175537266,3.934860033944487,0.338,0.266,0.9918561813089631,1.1628558114075442
511,4.106558855497681,3.8408115259872875,0.284,0.302,1.252666630512383,0.9730450303829334
512,4.272898990860982,3.973473289639543,0.34,0.276,1.2847972360564943,1.194601152906879
513,3.991250926838697,3.712234595932113,0.358,0.184,0.8337950974463164,1.2490158325855725
514,4.41842328357926,3.973712887187497,0.386,0.28,1.178907037323818,1.1689643185955851
515,4.158543208506496,3.8379140123169515,0.366,0.364,1.0008973421503595,0.8171274248669934
516,3.762367779203508,4.014267959976027,0.314,0.36,0.6922037765283809,1.0367860272188536
517,4.061125406653762,4.018360271134472,0.352,0.388,1.0295678406581024,0.7702261342454726
518,3.6664532095395734,3.9456614477721432,0.32,0.39,0.6704058103445791,0.7363720084426679
519,4.007945217535747,4.007403222111791,0.394,0.266,0.735153171557646,1.233652737224224
520,3.757837414856471,4.018563566595217,0.288,0.304,0.9846272033298002,1.0447046649156955
521,3.9367088030035955,4.370575793127408,0.284,0.394,1.1894839030108881,1.103362969423822
522,4.859973245881498,4.51331257065504,0.204,0.366,2.31284200223859,1.297391686059884
523,4.4155814349579945,3.730602291353838,0.404,0.252,1.060234780452003,1.0807573370497807
524,3.8877509837053212,3.9292728835772968,0.336,0.29,0.9012775577139166,1.0245300353675166
525,3.6440615968023953,4.055731078085455,0.31,0.348,0.7963922388152453,1.1608828768091297
526,4.167140379312459,4.02318426190745,0.318,0.262,1.1774776868860173,1.2739545071663327
527,4.364427084260608,3.9874934379968376,0.34,0.348,1.2837685807692405,1.0678922261481922
528,3.850891657887834,3.6932877946072655,0.29,0.33,1.0759252622308029,0.6148593525030743
529,4.250212479045462,3.6144710578296104,0.368,0.296,0.8821924026163834,0.8928775769760967
530,3.5869699604428313,4.048385396924641,0.286,0.378,0.6555120583403223,0.897621296355224
531,3.9104519769349033,4.034202850379274,0.36,0.344,0.7609940737963058,1.066729860092092
532,4.306117714814583,3.7922220522697483,0.326,0.29,1.2224944822329853,1.0304977843770324
533,4.282957703243298,3.9924964307563595,0.372,0.296,1.1190250818570184,1.242146644353228
534,3.9213284014799106,4.494181671764476,0.342,0.284,0.9384311210831218,1.6384017630728194
535,4.306334278825666,3.8886899040249285,0.324,0.286,1.374300664509743,1.057559091650282
536,3.925000275475497,4.397101266630057,0.276,0.382,1.0542208809284506,1.2194029798709938
537,3.8728459000939224,3.8674035987356272,0.36,0.332,0.7828690555486724,0.9500817720376586
538,4.103891637247091,3.3647913391560085,0.43,0.23,0.6742042457519405,0.7713984461402537
539,4.098006747527393,3.98757589856701,0.44,0.218,0.8526310555278135,1.3772085783359183
540,4.301610426447024,3.859099124788331,0.354,0.284,1.2440201557297466,1.090979929598035
541,3.849388010925927,4.254899635830228,0.342,0.312,1.017150778092354,1.3183268572673927
542,3.848767087246369,3.8488022361250502,0.364,0.294,0.6989842706218374,0.914871725397177
543,4.078691019893007,3.9623733272454866,0.378,0.35,0.8410974289244355,1.0647768013725243
544,4.1682581105755805,3.819630279807147,0.424,0.178,0.8679585902510474,1.185729164531261
545,3.8471330088388402,3.5738002119201466,0.334,0.292,0.848952041660208,0.72058911367057
546,4.034554221487823,4.066695966567407,0.348,0.286,1.0100083128662931,1.2481996571003382
547,3.8363137758557575,4.14579271732973,0.382,0.342,0.7961530422147663,1.0240406670382471
548,4.133403903356506,3.9605515021158673,0.38,0.298,1.0017237463248794,0.9771034225776146
549,3.879398917218083,4.619815734594786,0.382,0.276,0.7289205512638398,1.888926940145531
550,4.106582541850136,3.805412768241898,0.37,0.26,0.8661201969139224,1.1328392235154032
551,3.888880981765766,4.007018603983319,0.354,0.29,0.8861517642532234,1.0444033736742715
552,4.150044494032217,3.9417690052197374,0.37,0.306,1.128902326308902,1.0397307715971797
553,4.483865938751976,4.263106189993634,0.412,0.23,0.8247606697009803,1.7162512444100095
554,3.7042357473597063,3.803970161466989,0.318,0.368,0.7474303848233408,0.7307562899687639
555,4.160455035197058,3.9236837823556354,0.27,0.368,1.3872165838401098,0.8285582265440369
556,4.1522687881483495,4.214573140142692,0.21,0.362,1.4821816549765925,1.3447371985865306
557,4.527539959044008,3.8967224245473893,0.332,0.304,1.4055149348678235,1.0510106985447258
558,4.351869268901647,3.6433021190730783,0.352,0.254,1.4218538415940079,0.9888030614560532
559,3.813796901779876,4.044113040997765,0.322,0.296,0.9703352671183687,1.236044110962601
560,3.9040078892926497,3.647395199669837,0.304,0.306,0.9165391268765581,0.8155457907060825
561,4.49607438278376,3.685962525025943,0.356,0.256,1.3951629834565693,1.0238344390722
562,4.183411804672916,4.199559636627358,0.346,0.232,1.1681478048760208,1.4562456472330538
563,4.021414500595219,4.035014396291201,0.38,0.284,0.8613805884078751,1.2119863761378327
564,4.02541214079369,3.8284010965791726,0.37,0.304,1.0112771657872717,0.8957735478518251
565,4.2371907166686835,4.419973769806743,0.362,0.38,1.2090004076651495,1.3009208867469138
566,3.7825535916435964,4.1809233515403665,0.268,0.336,0.848341326011516,1.298948421666816
567,4.1657418274676985,3.7115351351640467,0.384,0.256,0.8294470542411281,1.0069850105843452
568,3.779013283902473,3.9637258835060067,0.314,0.31,0.7689094606723144,1.1446976767793426
569,3.9971328211223267,3.771149623209821,0.38,0.294,0.9449679442509286,0.8766922446466647
570,3.9356756692545045,3.7555941857851844,0.37,0.306,0.6885275019936277,0.9916722494110877
571,3.743987766905385,4.093116231413811,0.282,0.278,0.7959946278994253,1.2502554942296311
572,3.8516350632208844,3.714567615722188,0.354,0.338,0.6783263471644762,0.8769087306928726
573,4.26921638552445,4.256750604610168,0.308,0.362,1.3261842503247268,1.204816604889574
574,3.592899621147985,3.8548106827582846,0.302,0.338,0.6402245905179007,0.8698744517873316
575,3.903104580057367,3.6940265799012044,0.262,0.356,1.0636011768785383,0.6550018043951602
576,4.165097230440365,4.251008727728559,0.368,0.27,1.2029763480848912,1.4718559547942325
577,4.292002242882508,3.6055130524310344,0.368,0.272,1.02196859994117,0.9244469825316076
578,4.474807550735315,4.26795326635648,0.246,0.374,1.8669236819329373,1.223392857983821
579,4.25173105290566,3.800413184564456,0.31,0.368,1.3220628871510742,0.6739770526487648
580,3.9309069520958424,3.8301111124176472,0.312,0.296,1.135088291576108,1.0964646638360231
581,4.290353202595871,3.798281317095004,0.348,0.33,1.2319092654043449,0.8773452402654138
582,4.064080700714325,3.849496398753536,0.328,0.292,0.9900075083794863,1.0397290338495289
583,4.229397019109053,4.198977991955092,0.44,0.274,0.7945136579747165,1.4401645045886238
584,3.5710779551992573,3.949466180096759,0.254,0.386,0.7848391828573066,0.6922764387305532
585,4.3398031071564045,3.7720211757497903,0.35,0.274,1.2743490201332268,0.9818914802344133
586,4.311349593163505,4.159211354761931,0.368,0.296,1.1466020145023905,1.313007267314255
587,3.7624028687288567,4.131407510005131,0.33,0.306,0.78955694839957,1.2213197849744069
588,3.9856504981328333,3.541436518651927,0.384,0.278,0.7320208548853656,0.881621340261811
589,4.057980398344538,4.202952346328594,0.342,0.262,0.8346253539440371,1.4395126129192157
590,3.788938188452199,3.958976517727832,0.316,0.362,0.7921620410836498,0.9652412377532276
591,4.3815239251093505,4.3676316902573475,0.264,0.406,1.6357024648273417,1.0174999539444707
592,4.10286115897026,3.7800814383020205,0.288,0.296,1.2974811031297555,0.8737328674997452
593,4.218545381823052,3.971553275348439,0.282,0.376,1.429721880740574,0.7963682794948838
594,4.145718000774989,3.8462350804875003,0.398,0.258,0.6923189836221363,1.2281885626454
595,4.798677189866925,3.567096263315708,0.36,0.178,1.5940512499566417,1.0695277968775951
596,4.134794541165309,4.011709662061714,0.344,0.298,1.103440445387449,1.0851518963421396
597,4.547092649385931,3.599171123123048,0.332,0.26,1.3402579819150666,0.9892808709846775
598,3.837539488493319,4.171212361507431,0.302,0.39,0.9933660844313962,0.9823243802769736
599,4.054837888099032,3.5940561255042605,0.382,0.266,0.9242800948879708,0.7963925965675154
600,3.879595747314108,4.083387746360566,0.342,0.262,0.807646176278029,1.3482394899320234
601,4.490845799242698,3.947277769855142,0.406,0.236,1.059452012328314,1.3869083602586318
602,4.513216606336014,3.748545008614327,0.332,0.314,1.3789695115741627,0.9900706359931984
603,3.9304451729586365,3.8853850065665094,0.316,0.278,0.8652922520601829,1.0158733708407899
604,4.045091011582646,3.5211273227160835,0.406,0.282,0.8115870776683465,0.7496377732579677
605,4.102232380502625,4.120402958173607,0.384,0.298,0.9870140955544942,1.3653466174787825
606,3.9458441999882012,4.419573188866194,0.3,0.354,0.948491157048708,1.4860102877283803
607,3.896131960508793,3.930395680856092,0.318,0.346,1.0173183345528538,0.9194967222904933
608,4.275871632286705,3.7564559804801982,0.35,0.308,1.2416596980262518,0.929650698009508
609,3.8475377090267844,3.4833275226320253,0.348,0.316,0.7176591522511818,0.6435355282198011
610,4.119595649613365,4.596062096981086,0.35,0.254,0.8927093679843912,2.022488369292884
611,4.260948616283446,4.40332856514013,0.304,0.3,1.4967387415352345,1.3142058415603288
612,4.349696997256045,3.552326115107369,0.408,0.24,1.0805608396005755,0.8290763721984471
613,4.097097614967873,3.6501657197539092,0.372,0.27,1.0737660636530784,0.813419722767844
614,4.035518457285745,4.045245662234317,0.292,0.312,1.14616248857544,1.109380796889819
615,4.153900676968722,4.4613971048815415,0.306,0.364,1.320601178758757,1.220356950160812
616,4.021351040103511,3.709399020588955,0.358,0.252,0.8351047854242009,1.0542700344066291
617,3.9997543950219683,4.538344949285051,0.398,0.196,0.6620453258294066,2.0267612107955504
618,4.159775910920583,4.249924225989604,0.446,0.228,0.7756388231591475,1.505062506670679
619,3.528697612218761,3.88451541334965,0.29,0.338,0.7801199959738456,0.7384888616839193
620,4.343491055395394,4.087008240939316,0.352,0.286,1.387455453928599,1.276643844219078
621,4.4466390467200085,3.588813847095876,0.458,0.306,0.9347185827904968,0.7362072928293123
622,4.104851530104682,3.5985753910915013,0.38,0.254,0.8407166039794587,0.9164296116027775
623,3.888960823319745,3.689858159077296,0.374,0.23,0.7629740914545241,1.0968868439762711
624,3.7162728768964906,4.045262119677339,0.316,0.39,0.8242000259993439,0.7706189900204459
625,3.8301720694958314,3.7199561609424734,0.306,0.296,0.9261101719509385,0.8521134889073851
626,4.146187040771326,3.6766394192241325,0.212,0.402,1.5469792365920303,0.40516976798816384
627,3.3321587010547313,4.108245469192599,0.244,0.394,0.6322074882041769,1.0031617517401303
628,3.809911004370987,3.5686848331371217,0.346,0.232,0.7515676672122799,0.8337422419863068
629,4.344277969572365,3.618925420868253,0.388,0.276,1.155553783248634,0.7831959703734432
630,4.2044664918132,3.661133887911587,0.416,0.244,0.8614076872675414,1.0826270670452853
631,3.9749322396439872,3.843782952274119,0.326,0.306,1.006418384700075,1.0222086382254647
632,4.1896278466675,3.5880392759446496,0.242,0.388,1.4463029697146952,0.5660575350125965
633,3.695994475768433,4.3589199966505765,0.328,0.332,0.6936504931186235,1.4539560234559283
634,4.050305419725391,3.5744211305820577,0.274,0.34,1.2485850794002513,0.5385147777965247
635,3.820075881188495,3.990773585317176,0.34,0.344,0.7031256800954104,1.057129277628737
636,4.213058709331035,3.982254021836707,0.372,0.308,1.0224631052354416,1.1849240972049375
637,4.057561179497666,3.8886265206206296,0.316,0.29,1.0395554468217405,1.0280322259004018
638,4.228043001322838,4.292672317981796,0.304,0.376,1.3780998649037737,1.1259512854549432
639,4.581253996937944,3.8442503014783562,0.342,0.284,1.5011695314376516,1.0013841642311325
640,4.0993598907504225,3.9475642774783575,0.358,0.28,0.8680373327926821,1.1595922374278267
641,4.000679302000765,3.584098709308796,0.368,0.314,0.7404950105885227,0.8008167478733746
642,3.964933617512505,3.8262342937167997,0.388,0.346,0.7385671278315267,0.8684453839627426
643,3.878640598706372,4.1843901154131125,0.36,0.332,0.7779396324707111,1.1338418272622244
644,3.848259871840571,3.770116803309737,0.322,0.27,0.733196650474753,1.059614489857251
645,3.718446735135881,3.8255365853034764,0.352,0.304,0.5895306494895115,0.9431148843954913
646,3.97625186352926,3.7224120944297114,0.372,0.308,0.8720695212426138,0.872089601689912
647,4.176925480166848,3.774160200678527,0.308,0.354,1.3006092650113688,0.6937885460812664
648,4.308007435955975,3.910863308239436,0.444,0.268,0.9868371954151614,1.1455844283320795
649,4.109766310270657,3.575119791752806,0.362,0.268,1.0342150504829957,0.8674729305700322
650,4.0720039808581925,4.095178106801486,0.304,0.324,1.2691959826920363,1.124196230077865
651,3.61880029757591,4.498732883828401,0.294,0.39,0.8682123345054741,1.1096655160733093
652,3.80696641072947,4.229548687244708,0.32,0.348,0.8996042379652476,1.2010985438334074
653,4.1749385354926964,3.6987942343246116,0.348,0.256,1.0760489231167059,1.0043660077690708
654,3.735650799108858,4.070867611282021,0.314,0.348,0.7622595014488888,1.1124453651654995
655,4.367724233063836,4.179787049879243,0.306,0.296,1.4621533631444172,1.1789140900562476
656,3.6583296092261897,4.231354197542695,0.334,0.38,0.7311096730535463,0.9187040223937324
657,4.114343623171367,3.6549126294896865,0.376,0.274,0.785152888408537,0.8173824473876256
658,4.200880725347735,3.751240992661998,0.324,0.294,1.1234921026527647,0.9180902983765306
659,4.251531364898352,4.081145074375573,0.33,0.314,1.166346736071366,1.315047982288044
660,4.105498117338286,3.9653410010176113,0.3,0.284,1.3208073867565322,1.1222891383395
661,4.034754959851761,3.820232546068213,0.37,0.262,0.9842021132141714,1.0081105378658008
662,4.338245520982683,4.068452244412226,0.274,0.38,1.5697293691207599,0.8052387544921538
663,3.875607418744534,4.042740393707874,0.348,0.3,0.8007895546279571,1.1951086221228833
664,3.60689708712818,3.716527684186482,0.254,0.344,0.9081589478085837,0.685802706580626
665,4.029107634419623,3.963739862289699,0.33,0.29,1.0655565139588679,0.9082877618136584
666,4.239056502738697,3.694124352460049,0.35,0.258,1.121368912760485,0.9706659320437737
667,3.889392959353641,3.759045728087262,0.388,0.334,0.7450836785483766,0.8169036887988141
668,3.8499543192294805,3.9703288956521563,0.288,0.308,0.9486039073125391,1.2062699996313382
669,3.824750715272743,4.330507113084712,0.364,0.276,0.8072486403676925,1.5653738549485379
670,3.9444573065750994,4.471458287116464,0.302,0.254,1.1293410688693655,1.7655349376304694
671,4.170883503740533,4.163716113339392,0.276,0.266,1.319891955230618,1.3526808802240808
672,4.125515880525853,3.857962787721591,0.262,0.424,1.4429891402871011,0.45997683949663615
673,3.914410070635886,3.666269514494916,0.408,0.266,0.7052594395842385,0.8319454701898235
674,4.268003621341341,3.90535512793812,0.378,0.246,1.0677092739231737,1.1730416069333256
675,3.583197695179577,3.7875635530935625,0.336,0.328,0.48364702577198226,0.7218461712025466
676,4.437300783037504,4.089321141791271,0.332,0.326,1.3788680316365585,1.0079712262046425
677,4.1073532443484435,4.013086660299158,0.354,0.244,0.9747151832176509,1.311128742414136
678,4.054315899973661,3.6764111714404955,0.332,0.31,0.9749319591068668,0.8356565734956737
679,4.024076637254312,3.950806248449143,0.316,0.28,1.0383406856083992,1.0821397209486694
680,4.069491009914543,3.958852705394363,0.29,0.366,1.1920480383663532,0.8171153235988708
681,3.872275850166104,4.1007455344586665,0.33,0.364,0.7908332282140177,0.9879075222674962
682,4.064118147279825,3.815298636497786,0.444,0.236,0.6280317191916264,1.1309150328231325
683,4.505895177557445,3.688538209457416,0.432,0.172,1.1720394549279456,1.1114911892429264
684,4.451078890836244,3.451532385086881,0.396,0.238,1.218216199959324,0.831783625354815
685,4.045003300047348,4.102868351619875,0.288,0.352,1.2944464711065704,0.9567485310241827
686,4.217278326024445,3.8835800324074254,0.274,0.348,1.412049982324344,0.8223123263733498
687,4.5009579130391195,3.9862577079867743,0.306,0.362,1.6548087978916697,0.8919780344180184
688,4.12602321479412,3.6785105909844873,0.318,0.26,1.2150141030883626,0.9273300762473706
689,4.127140341876586,3.9948607261948412,0.412,0.25,0.7560343531486001,1.3083735853003384
690,3.8565061881389244,3.7089277988530345,0.278,0.342,1.0898285512854544,0.6211117141771004
691,4.211388774636085,3.8666207302667903,0.282,0.29,1.4048307103379938,0.9621275618617391
692,4.116069597518642,4.131262692755733,0.312,0.37,1.1427779731892096,1.139906487307577
693,4.245524586262502,4.171030201321237,0.376,0.332,1.1631309243217656,1.243991178148378
694,4.102776142710007,3.7866314843600555,0.344,0.288,1.182997430561151,0.989751664129674
695,4.127439312059867,3.7433354588476235,0.368,0.278,0.8631098446045937,1.0146036901084767
696,3.9937658352567933,3.7072339487082315,0.35,0.358,1.018624851281486,0.656477102204453
697,3.9766090539283327,4.132584357722862,0.268,0.36,1.1755991239572596,1.1640573117117703
698,4.380111186229767,3.741736578925118,0.342,0.338,1.2694736866012277,0.8230976046048113
699,4.3831150294920915,4.265584649953875,0.284,0.336,1.6326377749492131,1.2763823088901318
700,3.784724901790217,3.6517672757642226,0.374,0.332,0.6200120737694692,0.6812224158867379
701,4.485063487990459,3.9333468336728603,0.38,0.226,1.3505465667137655,1.3195284668950678
702,3.7647283503950852,4.121040416865237,0.334,0.308,0.8178462725810973,1.2885806346641022
703,4.234672743486451,3.6442883522587532,0.402,0.288,1.090468477705875,0.8536621270712113
704,4.318817272451781,3.9012129639517807,0.324,0.376,1.394664824389041,0.8154808279355227
705,3.98597583731771,3.9949050303128955,0.408,0.302,0.6799509639787419,1.1320032186489295
706,4.275960783070253,4.216152080906692,0.366,0.218,1.2904110481795779,1.5220315781219504
707,3.8010942313190883,3.79280544686743,0.312,0.34,0.8429441647831135,0.8242812110337436
708,3.881365069089666,3.951554986515373,0.314,0.332,0.9958363686499564,0.8739047194819923
709,3.948168889699886,4.168067104645333,0.302,0.374,1.0600744417744117,1.0198518859798738
710,3.890364432849595,3.8401544636233536,0.314,0.346,0.9860440737472504,0.7069679086917613
711,4.169599149131278,3.776323208772564,0.354,0.35,1.153577109736984,0.7662271910626999
712,4.066604844869822,3.736929708054441,0.306,0.344,1.1568010152989858,0.6647845563760794
713,4.124869057627493,3.6800265453883343,0.342,0.292,1.0893481347412173,0.8765267347832424
714,4.0639476622309205,4.256143862128053,0.376,0.314,0.6982402809746105,1.5883727934514507
715,4.190666337946564,3.4521308507820043,0.338,0.322,1.3094484104427135,0.5079555932703052
716,4.304934333069475,4.041507031423244,0.42,0.266,0.8238122494713132,1.3700411751603698
717,3.9062294534612834,3.6380330089981108,0.366,0.272,0.7627883726192825,0.8401157451428962
718,3.9464950495351836,3.636334714929407,0.368,0.254,0.75166184887912,0.8561069277640843
719,4.014235272221885,3.686875197969209,0.388,0.296,0.7374169630153519,0.8596533016443842
720,4.171014062020851,3.746692234707551,0.432,0.252,0.6529775870510228,1.0800067331372794
721,4.440861536281851,4.431022998846689,0.364,0.332,1.3698507089153045,1.457500633930758
722,4.2237119777469125,4.296896987361272,0.394,0.274,1.0699491950195055,1.439226754878428
723,4.246447301754129,3.826706393991481,0.42,0.194,0.9787360199162058,1.2144506692782624
724,4.265622065212881,3.643567150137513,0.322,0.32,1.2124161934534574,0.7511474852135542
725,3.8942954722266867,4.077466697993306,0.334,0.312,0.9263926215313443,1.2454992940189695
726,4.124711821508894,3.707842849162462,0.376,0.25,0.9640656887517082,1.0042898742999695
727,4.245729223480311,4.097776367248013,0.344,0.27,1.306641515357024,1.292643815113956
728,3.8698671803679217,3.9189022756474516,0.328,0.358,0.9322457549500828,0.84717710395722
729,3.906579072180635,4.218836371512684,0.408,0.244,0.5861039359670819,1.550643577324432
730,3.884763941587196,4.509414223866351,0.312,0.268,0.9849098454003782,1.7082863840928209
731,4.34091748464408,3.4820058542102306,0.406,0.236,0.682387035134888,0.8984585069595168
732,3.8428323925365353,3.6281834424967307,0.34,0.314,0.8837476863307611,0.789370574677764
733,3.990214133978362,3.7219603430834716,0.318,0.356,1.0633207221862255,0.7119196595939096
734,4.424092261477882,3.6424793958710144,0.424,0.282,1.0747010298810133,0.7673246108996802
735,4.030262436087092,3.8708101660438112,0.356,0.28,0.9038739250650489,1.1131539239397874
736,4.230504486953519,3.573143046889264,0.358,0.286,1.0779272655263383,0.7923623757791978
737,3.931147082350032,3.852077085275746,0.368,0.244,0.8824074689497775,1.160702152401038
738,4.355261529342021,4.201411902983648,0.352,0.236,1.1477732550043422,1.5204221044101696
739,3.679881296513183,3.774604641234907,0.368,0.376,0.6475520510730622,0.6948493629194952
740,4.013674418016006,3.6909139194640432,0.436,0.326,0.7213088001230854,0.7132394608448087
741,4.0468967252155466,3.8547262605701214,0.244,0.324,1.3862818321854327,0.8451194503022804
742,3.870531583000786,3.906045501548027,0.35,0.258,0.6979404843984225,1.1958255308687311
743,3.855420275768826,3.6253753825828454,0.372,0.224,0.7338787891976444,0.9169644694639625
744,4.172625498626941,3.948330301193855,0.404,0.312,0.906270393972356,0.8785423337360998
745,3.605546057580292,4.472670724966019,0.314,0.376,0.7677675054398542,1.2895948797818844
746,3.967324325824643,3.783379033228639,0.422,0.194,0.6291350609188505,1.2117327479316577
747,4.244772302318094,3.97583248477324,0.316,0.258,1.2652332920761966,1.2760483806932386
748,4.51252417095737,3.5699910657676477,0.356,0.25,1.5436169704691671,0.8619923374929237
749,3.6906240756270576,4.2502762774719915,0.368,0.328,0.6305133863173006,1.199050883910632
750,4.203487983158136,3.5844754018192644,0.36,0.19,1.0554651519702978,1.0404089596150887
751,4.030508106932855,3.8871826007164008,0.302,0.306,1.025818694255297,1.1474588764904479
752,3.975785138494658,4.342223915116918,0.322,0.324,1.0166253060943393,1.246042877560508
753,4.194199077667796,4.57733049422146,0.354,0.364,1.0045359803885474,1.5741473262365364
754,4.3206654627637695,3.9438467227510654,0.346,0.348,1.2394192121771799,0.8189965824867782
755,4.325451747464994,4.374000154338213,0.424,0.234,0.7498951651387983,1.85279842787421
756,3.8742246220238976,4.20149975908759,0.29,0.31,1.0640901393517364,1.2684134594319678
757,4.112490896600184,3.8805654352380134,0.37,0.266,1.1001223759464607,1.1608007614574756
758,4.122838457624673,3.728104513546335,0.404,0.218,0.7630421666448357,1.1835653536437278
759,3.7679788272604506,3.7866406735832774,0.292,0.366,0.8316420683424536,0.656808664110506
760,3.851671243223584,4.301195285639477,0.416,0.308,0.680821778571027,1.25682730902431
761,4.445822331881083,3.9736826899230353,0.336,0.292,1.267532172062765,1.3086561935076926
762,3.949975929295887,3.9881310339913716,0.37,0.348,0.8374836078788855,1.0416577162096547
763,3.6846378180785053,3.805157824762964,0.266,0.346,0.825308302185382,0.9076256205080384
764,3.9133721203350866,4.1422812270270715,0.286,0.354,1.199346706784448,1.0199842286246714
765,3.9829736363186745,3.7624360173863445,0.32,0.346,1.0491328949733083,0.7770635248220366
766,3.824704609613576,3.9125106321321264,0.278,0.348,0.9735074836553814,0.9561572178320574
767,4.390663259762613,4.087918264972568,0.352,0.3,1.5034036452511275,1.131599257934869
768,3.949574260886478,4.364730203339774,0.344,0.328,0.8991046898370094,1.4027680561946467
769,4.152012942214189,3.92408618986752,0.356,0.292,0.8652445576507094,1.204208759768908
770,4.133582974538711,3.8830383486794577,0.372,0.264,0.9912513033806257,1.0658398990029592
771,4.1946700072110845,3.6553059885102686,0.338,0.224,1.0522773936302927,1.0659507063881883
772,4.265679546572263,4.095696943157919,0.37,0.292,1.05066320267945,1.2872274422622803
773,4.037719365662604,3.989207304786351,0.352,0.336,0.9402215775256098,1.0846006774419343
774,4.004103003731608,4.569485417544889,0.364,0.218,0.9736081206998918,1.9759753174376495
775,4.539025040520241,3.6493872949999204,0.464,0.272,1.0748961826367898,0.8554933728760105
776,4.027810711008839,3.6625395516818493,0.35,0.284,0.9158324796143559,0.828535347193214
777,3.7606588618619297,3.9216786634497964,0.366,0.29,0.6103319215527133,1.130261340948278
778,4.206894960346905,3.994442570686658,0.328,0.298,1.1859820666583931,1.128150842717121
779,4.1795228114634675,4.56081404576457,0.288,0.292,1.402722620417253,1.6588144903046411
780,3.964308458087397,3.605119004765176,0.308,0.282,1.1277900967654486,0.8098265633267953
781,3.8344727009838158,4.064239967561127,0.298,0.338,0.9479597515271995,1.0010777297589502
782,3.800174657283936,4.141400635921601,0.276,0.346,1.0120023617456566,1.0459965532319542
783,4.064236548353872,3.8489560625818444,0.334,0.324,1.1474606025376786,0.7907785662991528
784,4.137906894867994,4.074793073634753,0.354,0.236,0.8601381912457345,1.4206528612805114
785,4.22391385759318,3.6067925358377217,0.34,0.274,1.2700095713645496,0.8316189416662766
786,4.1091460449296076,4.04591065828601,0.294,0.29,1.1814567580746886,1.1351273246094364
787,4.234918756054931,3.72847052337113,0.418,0.262,0.9119091012826419,0.9998080597879995
788,4.096424428202184,3.663321942388942,0.372,0.306,1.006064852758304,0.8368791955862732
789,4.000331507897508,3.8773793249082393,0.37,0.328,0.7916675512446414,1.0379912201764725
790,4.034961165852728,3.9535556075097094,0.41,0.256,0.8417192650451698,1.2421858645092902
791,4.207482757949917,4.49430637069615,0.254,0.28,1.5445464741924253,1.6374151208148664
792,4.1690980771355175,3.757250086716924,0.244,0.338,1.588119772460042,0.6261419417182167
793,4.1447686922201825,3.826721009945967,0.332,0.312,1.0621012002328198,0.9294659258931005
794,3.804734188734649,3.7001903810189085,0.314,0.286,0.9869519074173406,0.8102326421310183
795,4.048540038024207,3.984467230826361,0.354,0.324,1.0144314296236197,1.0700910852488725
796,4.488347794461852,4.074145737354147,0.288,0.352,1.5804185150983177,1.1319293036833895
797,4.051681024912148,4.098792693737052,0.296,0.374,1.276992109076581,1.0320696346951972
798,4.011477707016315,3.8245801465101024,0.272,0.392,1.1075968873273174,0.7112487570100583
799,3.939929838156585,3.7429802658248645,0.328,0.31,0.9374943954690377,0.866088390378259
800,4.3632783427672255,4.154120686484431,0.402,0.286,1.0964869540093185,1.361902810928602
801,3.6108502005849195,4.317464272697967,0.256,0.422,0.9852280667467774,0.7019952924604066
802,4.6639781246560155,3.632585433289365,0.346,0.254,1.4820401891074624,0.974816513083298
803,4.142642636474069,3.711253850580338,0.332,0.276,1.2706265501981826,0.9645863492411535
804,3.9759045781833864,4.176460343331332,0.364,0.286,0.7723414326591835,1.3421264660393946
805,3.534960738444271,4.137807828823556,0.288,0.356,0.7547933133235499,0.8542277517121828
806,4.138589291133472,4.008219682531971,0.35,0.332,1.0487666308077763,1.080308130529289
807,4.247489906437128,3.795359511092656,0.278,0.344,1.3294964642048102,0.9159172976679611
808,4.08980534885009,3.830949047370568,0.398,0.298,0.7747529791210386,1.0325134199173378
809,3.8491283370618166,3.8163627196874272,0.402,0.34,0.688220417810758,0.8339496733106951
810,3.8619184927673533,4.083296396450672,0.336,0.352,0.7893213133137003,1.0589699166295379
811,4.091626034760042,4.044838412903864,0.332,0.33,1.2714084680523061,1.0774121470391982
812,3.67790515839949,3.8211346994946362,0.322,0.292,0.7198184645155092,0.9386779894061509
813,4.265911228213927,3.8799953094281925,0.406,0.294,0.9827644772434861,0.9899581042092657
814,3.9209635659462125,3.735623349667671,0.344,0.348,0.8026198238316443,0.8012626853752802
815,4.057357909720893,3.667724866725406,0.33,0.254,1.0954592330072703,1.0045772890673628
816,3.9742984580101757,3.7525627171322298,0.396,0.232,0.7324320300827823,1.094991011446234
817,4.095660734924344,4.401139803961582,0.282,0.362,1.2245411308409115,1.298749039478215
818,3.959021828769032,3.5080734368015687,0.36,0.326,0.8216796412379539,0.6592294178638288
819,3.7551836309289426,3.638125734382273,0.312,0.344,0.8885550766396766,0.6429540371912913
820,4.2243809231508,4.124080655051067,0.304,0.34,1.3096476928660357,1.0008004714153607
821,4.1950496392353624,3.8504796653337716,0.31,0.35,1.4009374821837974,0.8202970404758383
822,4.352694921984288,3.895153513193889,0.444,0.25,0.9348442161316916,1.151188687051853
823,4.10052481294573,3.797160679250987,0.39,0.256,1.04378244962312,0.9456496221532871
824,4.016355001469344,4.452576311252395,0.36,0.262,0.9086921750277499,1.7659274717762532
825,3.86409463155067,4.031311784343943,0.328,0.304,0.816909597848467,1.2105892761362143
826,3.9048713539786566,4.113468192152747,0.342,0.258,0.8553548599500288,1.4333608213314133
827,4.164844994815397,3.841704009720991,0.352,0.272,1.086103748624527,1.0223798299420523
828,3.8763790555035933,3.882749171042404,0.26,0.3,1.1917409920900655,0.951200631119503
829,3.638107744364156,3.79179852129041,0.28,0.312,0.8942133707835732,0.8802885911757647
830,4.020998782079794,3.805414093080512,0.38,0.322,0.9768018614104492,0.688600558001399
831,4.117499481926956,3.8072898001203255,0.44,0.25,0.7596980285472646,1.0342765972274268
832,3.8669957294827935,4.160809663156265,0.298,0.314,0.8532431572104721,1.3010552349769708
833,4.1601043887451645,4.074345857496471,0.284,0.262,1.1896565472500253,1.3610389199783042
834,4.1531086238501995,3.8750438089988575,0.282,0.37,1.316237595905764,0.7288281509831296
835,3.968090525536251,3.6429961599482383,0.362,0.27,0.8143888426200206,0.9031105764455283
836,4.3764690875489825,3.669379213413854,0.34,0.322,1.2508669964988177,0.7626937158453639
837,4.104548885805583,4.05383764971827,0.388,0.308,0.9894351971839199,1.1284652434165967
838,3.7236968307478313,4.232588388176331,0.316,0.326,0.8061378598056005,1.2689530881007587
839,4.310873435975576,3.8955779310463727,0.37,0.248,1.0422535999148526,1.1911296264090339
840,4.075899223597986,4.002357432927509,0.372,0.252,0.895042747108093,1.3881143927943629
841,4.205366722926538,3.943079231658115,0.378,0.248,1.1772201040415982,1.1077322482514973
842,3.8158266444239852,4.341311163831482,0.276,0.402,1.089856790204495,0.8561785288027098
843,4.455396880677888,3.8165233444434845,0.35,0.36,1.2819385824833305,0.8871080392418292
844,4.006379392618825,4.154063598891557,0.366,0.248,0.9302488948429776,1.3602599361396064
845,4.410055911865538,3.773095780848502,0.4,0.274,1.1933888290514136,0.998943860163675
846,4.194513626795091,4.218728257539267,0.21,0.372,1.6723911679945258,1.1178909181663221
847,3.969208125489497,3.8087162695598655,0.35,0.268,0.7759580999581723,1.080491774295695
848,4.1513951607349915,4.168516412408552,0.38,0.292,0.9517163411380128,1.2978811182182648
849,4.05885341912551,4.088541204014206,0.328,0.396,1.131929809935883,0.8306732390213069
850,3.882682804482291,4.194651340670985,0.274,0.442,0.9530140356340228,0.8540603052065315
851,3.979985244840331,3.9899518905791727,0.324,0.308,1.0357890641350145,1.0574855577171034
852,4.365577050298812,3.921331446630593,0.318,0.33,1.4649737116792378,0.9145089566233412
853,4.026441013402493,3.6758188173060096,0.392,0.296,0.7724165921714471,0.910612866114768
854,4.049738989155635,3.5774716701302647,0.41,0.26,0.7956286689510964,0.7818742789490077
855,4.361955390342154,3.865228537667116,0.328,0.34,1.3320759430103348,1.0061435249773876
856,4.418732891067594,3.5413909381425066,0.414,0.286,1.167868885700077,0.7767225454044038
857,4.16209232980014,4.278643607390042,0.254,0.344,1.4706046610384995,1.1606121550710065
858,4.239745174562302,3.6474907704576003,0.296,0.334,1.3270096004109726,0.7340224231326137
859,3.959952754375176,3.739150196384176,0.306,0.308,1.096927944210438,0.8173811326479666
860,4.186772162269268,3.747079181438992,0.304,0.354,1.3669290512382681,0.6424633147149108
861,4.564122323110414,3.5523634275243947,0.394,0.262,1.3226281323738884,0.736102671342465
862,4.330878586266789,3.3095768965883323,0.456,0.226,0.7738781608562646,0.6137845589428637
863,3.7481545452605927,3.629733409299776,0.282,0.31,0.8798079871095293,0.9135380415225797
864,4.1959194761609,3.9377685274050855,0.254,0.352,1.3749984024264053,0.9503515187542633
865,4.283020418769169,4.388621169632291,0.414,0.222,0.9690174830314522,1.7786707753610467
866,4.313392434992124,3.7790175045543726,0.374,0.304,1.130032826588086,0.916740269367369
867,3.556543764045913,4.068801125017675,0.356,0.264,0.570157095123926,1.1001728083014988
868,3.8952091329306366,3.5663226291669288,0.316,0.324,0.9399856079242612,0.6810259553637683
869,4.245196186135487,3.7214994772868764,0.396,0.298,1.0633704068004284,0.902226734809145
870,4.305957916782148,3.850879241883096,0.296,0.32,1.4573003485263785,0.905126058293107
871,3.8471231409704214,3.7601885761062785,0.3,0.33,0.8215797439944965,0.8652015519468214
872,4.384280810425513,3.7939831494479024,0.37,0.316,1.223127650234341,0.8128445439831707
873,3.4576678634541453,4.138349291395511,0.254,0.344,0.794450802716201,0.9348450717050949
874,3.9362407259633216,3.6497179972678757,0.406,0.292,0.6043227084903329,0.7855281892935893
875,3.8443513736116204,3.8658655431071223,0.328,0.342,0.9086874792085975,0.7888987482400743
876,3.8173765842569907,3.968824307234315,0.258,0.358,1.064275748133883,0.8782923146198013
877,4.539969948891073,3.900898333516813,0.434,0.238,1.10736413293534,1.2183015175046688
878,3.8715774825713485,3.906522342265922,0.316,0.302,0.8199310930549124,1.021021484159523
879,3.954917790424463,3.813380920087504,0.372,0.304,0.7704821719295741,0.9261440532831744
880,3.606368342262242,4.155112686201651,0.298,0.27,0.630666643986112,1.3472204410933504
881,3.9645655401197764,4.196433291755866,0.294,0.4,1.130063777465551,1.0768663380336538
882,4.241509542476044,3.876591223029253,0.362,0.272,1.1370051922924616,1.1216609720526822
883,4.063707529580562,3.9888869419054065,0.292,0.354,1.270925448376971,0.8486950066974182
884,4.50821610545496,4.013875980755717,0.344,0.26,1.4703956751644178,1.2855639797140133
885,3.775195624514492,4.006197496824324,0.302,0.358,0.6568467552194514,1.0147534805686393
886,4.142575593867187,3.960664627554631,0.352,0.29,1.053812354565316,1.0873344947626378
887,3.8441117012396884,3.6256343854988486,0.372,0.286,0.6751509220141629,0.8539658660320898
888,4.372219000413775,4.473509687708789,0.282,0.348,1.4840946424309096,1.55334704223402
889,3.9694012688239844,4.012371656639411,0.366,0.354,0.9161771287726905,0.8807969837777615
890,3.462543485725008,3.652236233916172,0.342,0.312,0.5880981636227753,0.6280892680119252
891,4.415694497486695,4.265575385615751,0.24,0.374,1.7257192681164875,1.1418074888020753
892,4.3908266246296375,3.6936160771100517,0.408,0.262,0.9424786371220193,1.0007069455156978
893,4.45100223186225,4.345105915847929,0.304,0.344,1.5864612199761237,1.284685543218763
894,3.5694936312613854,3.885728605715311,0.286,0.346,0.6243320182518781,0.935923834129231
895,3.96379222307067,3.7222180530211344,0.292,0.282,1.129310740613188,0.9378664410393445
896,4.231251415555468,3.8643428646593287,0.3,0.354,1.4365038573969422,0.8478128075456224
897,3.9250081838693767,4.4136308422448955,0.306,0.3,0.7338164375242563,1.5774025471226767
898,4.393564204217401,3.6573638459116617,0.344,0.284,1.37337107086582,0.8465869111269263
899,4.038913333320739,3.9499378873329647,0.38,0.282,0.8234636768906031,1.2238644995025088
900,4.043354105534408,4.0040986949558315,0.36,0.348,1.0198002727932471,0.9924442991157914
901,3.608082242150402,4.324989908676845,0.228,0.324,0.9562716202860728,1.3632666969837395
902,4.608295332446107,3.898704443689702,0.414,0.242,1.2854283229372,1.3053935221521118
903,4.013735746628205,3.5886761083504126,0.322,0.264,1.1265315502206823,0.8384433386489113
904,4.166181201991912,3.9154966861455907,0.292,0.32,1.283652464579241,0.8796545707261405
905,4.342136189289917,3.9065779937667253,0.284,0.318,1.5449487018113208,0.9715912134503172
906,3.838990161088734,3.841391983571918,0.422,0.284,0.607711733377034,0.8531459719343627
907,4.2156675324329385,3.5370650986899976,0.378,0.29,0.9867228228194509,0.8455201749436102
908,3.864597570230764,4.115918379366868,0.286,0.316,1.0020643766437904,1.2308769030075626
909,4.410761591139051,3.8415024719844393,0.332,0.298,1.3144853393823797,0.9348010530674837
910,3.7225493038375674,4.196312495706453,0.308,0.308,0.672958235627345,1.436118972526723
911,4.045860955150851,4.433463758480599,0.33,0.244,1.175627663326376,1.6489774595992028
912,4.269148012236976,4.102665992701744,0.406,0.25,0.9831364895570561,1.4303277976043827
913,4.2374614386290395,4.143506200087666,0.4,0.248,1.041260891776769,1.351654981182127
914,3.6793387498949843,3.7544506149622623,0.314,0.368,0.7116215999580433,0.5760914497883229
915,4.1736507537037175,3.918169969096753,0.404,0.24,0.7681410819864565,1.2917996496616007
916,4.305061531733688,3.6054527293542558,0.366,0.256,1.1651359851586565,0.9035904273070029
917,4.066877256141547,3.7380619834657356,0.384,0.314,0.8736911817497884,0.8313268085255158
918,4.038855553391956,4.028122789968854,0.356,0.328,0.9347021073690959,1.0082750784315728
919,4.27849256897203,3.9671392744459046,0.304,0.326,1.3382573239043485,1.0580262860543534
920,3.868107636695239,4.054206571761595,0.394,0.278,0.6703781708220705,1.2784718245661884
921,3.913297430864011,3.9561442100408466,0.338,0.34,0.9192604731799741,1.032092478977215
922,4.40334459920096,3.967661329252603,0.27,0.33,1.694071587377752,1.0106082485836054
923,3.660201614962618,3.772652224379408,0.33,0.366,0.6180969496226584,0.6596861911789459
924,4.042273945781731,3.577882997527174,0.292,0.284,1.1555041378569832,0.8181929221322994
925,4.0332439190482425,3.9459548017879413,0.296,0.376,1.125852748780528,0.7959559467463699
926,4.272179277846818,4.179529774483225,0.232,0.364,1.6607354569157584,1.0417450711191072
927,3.745214182775117,4.0256785480236665,0.292,0.312,0.8858406219977557,1.024155938026625
928,4.16526227832769,3.975574414870885,0.296,0.322,1.1435530751552638,1.0917303946401893
929,3.6729928492167563,4.362983449279025,0.276,0.376,0.8925738960051458,1.2654343941366224
930,4.441199969104013,3.7071990979124103,0.38,0.312,1.0820004186158398,0.820586977263175
931,4.068368040014366,3.6966074028095424,0.326,0.3,0.9853087241915678,0.8038740377355436
932,3.971575038085155,4.065091734463396,0.308,0.352,0.8540096369009152,1.1572411271720722
933,3.9960400304888504,3.9108965559207545,0.316,0.298,1.011490799880791,1.0814735750784372
934,4.598230766517014,3.40512223408705,0.38,0.244,1.4265862066254698,0.7526811561496988
935,4.325820505329176,3.655669288498519,0.362,0.27,1.1127282427874166,0.9778704070634283
936,4.041741786373359,3.6365978902109184,0.36,0.314,0.9368737753728977,0.6274461856745428
937,3.923245008896778,3.8251152230224696,0.334,0.306,1.0069071775126865,1.0462354118896502
938,3.9916932061977057,3.9589978793332383,0.384,0.188,1.0050016014095449,1.3396586051082007
939,4.509018791271551,3.723565809985432,0.384,0.254,1.0354979979532484,1.0516822860363486
940,3.7787190339953596,3.9637460332133028,0.31,0.344,0.8978357952956887,0.8585475296162115
941,4.07259093691056,3.996083416443484,0.324,0.304,1.1313422729666696,1.1791769297837351
942,4.241892344681582,3.9522906713161956,0.366,0.316,1.1178614588938045,1.0933114460619227
943,4.13987811803673,3.862322772156047,0.326,0.312,1.0258744878080912,0.9936673994199746
944,3.815656044558337,3.992520309217749,0.28,0.322,1.0272714631467,1.0059752676135827
945,4.241839732012581,3.730170448072995,0.4,0.274,1.0147440476858953,0.9396435163439717
946,4.591108689213267,3.829764855647108,0.394,0.214,1.2103819310180486,1.2656528890961407
947,3.799993292325461,3.8834172791944397,0.306,0.31,0.9315610138390585,0.9993335322118506
948,3.831788770995841,3.6213887633520043,0.262,0.266,1.043155276143824,0.9550631440647505
949,4.45820083379529,4.1213557624617305,0.304,0.242,1.6192627441695713,1.4219105885481573
950,4.194157527111987,3.9774996677558607,0.372,0.248,1.1155282347688107,1.1951990944178685
951,3.867010365625477,3.7524673963692687,0.298,0.354,0.9909472795314375,0.7024056187191455
952,4.313302405608386,3.862919873266841,0.308,0.34,1.351860157058264,0.8325568381195019
953,4.294241293756143,3.583424661704726,0.424,0.216,1.105583266520048,0.9604101802421987
954,4.0246069905075075,3.8761108910536204,0.406,0.284,0.7834861371360637,1.0033963107040442
955,3.7168701457805953,4.139449882927199,0.3,0.398,0.8551277564501667,0.9740749042760436
956,4.10332505891588,3.958473730194732,0.366,0.298,0.9087379730712394,1.117901268707987
957,4.471631462476299,3.6915765501097875,0.404,0.26,1.1316060199219617,1.0368775043474463
958,4.560438249842112,3.8435097794271247,0.274,0.314,1.8258066972856237,0.9442987311353414
959,4.379060920231824,4.153128595630433,0.368,0.244,1.1740005174015689,1.5185501296044241
960,3.8240644714802827,4.053920611787032,0.3,0.262,0.9626668816004578,1.3558509474199296
961,3.7866814150429695,3.7781478375290005,0.33,0.272,0.8721041159598502,0.9377881370913799
962,3.5464825135723497,4.078975867194348,0.258,0.362,0.7632810853969827,0.9867904521188229
963,4.50105768225564,4.044924010189016,0.358,0.342,1.5082789461978705,0.9792741819661624
964,4.601765476642632,4.414436968848229,0.304,0.266,1.583005246723821,1.706295687686063
965,3.844480061572087,3.8160942831588964,0.364,0.26,0.7308337637122957,1.0628194891466691
966,4.47084061802469,4.055281759934991,0.362,0.232,1.464908586318757,1.2592203205143355
967,3.910590560425385,3.8198240394241085,0.348,0.298,0.8313416049150606,0.9786753999242863
968,4.262318486883502,3.8973459620751276,0.374,0.288,1.0116345751593263,1.0821624170864843
969,3.907057334442627,3.636002591354749,0.418,0.268,0.6605021322471538,0.7382727598111205
970,3.733150174555301,4.224315636222858,0.312,0.288,0.9189052458650725,1.360975122821001
971,3.833057122956223,3.942219211003678,0.35,0.322,0.9329787401488042,0.9609227838389552
972,4.286363711050354,3.908274769251727,0.308,0.39,1.3557821415478126,0.7526858243340769
973,3.8792770930159537,4.152379076984219,0.372,0.308,0.7244952018779591,1.110546185473536
974,3.7767107467482317,3.71921597137408,0.4,0.322,0.5497435829164562,0.7191101933263161
975,4.082043817936999,3.6548272538369777,0.322,0.268,1.0867902427237828,0.948184370359018
976,4.255185429649102,3.9545150904261583,0.338,0.278,1.1744020173034533,1.2489726232989526
977,4.027146694442267,3.949287600667313,0.296,0.364,1.0201618547708349,0.990988546374225
978,4.249007583313521,4.192796182786011,0.266,0.326,1.406244530140095,1.3082130188426722
979,4.312623901372227,3.8170861936567078,0.372,0.23,1.1611621168799158,1.142315364289285
980,4.193863055861119,4.2256561363080305,0.348,0.272,1.0607862980057086,1.521276316014568
981,4.225057892090537,3.716844276293824,0.32,0.334,1.3782347600469904,0.68314823109613
982,4.10150512910813,3.864963826758869,0.368,0.282,0.9452464848080323,1.088941898724633
983,4.246808274166308,3.765218788671349,0.402,0.246,1.1730000646592438,0.8390130583447863
984,3.815170683481159,3.696377851540371,0.322,0.362,0.7672473474885432,0.5419274407451099
985,4.169306621858656,3.6718796350085827,0.396,0.268,0.8681822120874612,0.9020728911499204
986,4.021852753851055,3.8752392476952995,0.326,0.346,0.9930121953408813,0.9308589365871286
987,4.364427998619455,4.341760001954542,0.334,0.244,1.2645406070549656,1.5892228406706836
988,3.998746324699941,4.39747038515293,0.37,0.29,0.9708518160776151,1.4424694957897561
989,4.30512030286791,3.825250952246028,0.424,0.226,0.8807701541808012,1.12780358860813
990,3.770786160034595,4.645561905862532,0.354,0.304,0.6464458471821163,1.727915757529327
991,4.2436739302472954,3.949160709239009,0.396,0.256,0.961347482854346,1.2807565654868387
992,4.051970969779285,3.6454709562280114,0.318,0.242,1.101051164662469,0.9316998917622139
993,4.184701711427339,3.6094757037240566,0.402,0.298,0.812168608431516,0.7032676962921514
994,4.014369061830164,4.036081643490557,0.302,0.308,1.2351407424520904,1.0557458593222202
995,4.062993161065435,4.34049140347064,0.364,0.34,0.9491815164320369,1.3805624008846937
996,4.0906187955428805,4.016457362231524,0.3,0.398,1.1284240510857082,0.8413701136262339
997,3.9122869390798547,4.210476604974919,0.324,0.338,1.0030460483687236,1.2589835985542586
998,4.058258231929511,3.9471530153296968,0.322,0.35,1.0757832505027558,0.9793962051448873
999,3.8264270566339436,4.119784921847444,0.298,0.306,0.9245211662765379,1.2641124484846118
1000,3.890094430241805,3.837684826832269,0.376,0.214,0.7430245323926508,1.1374936579462338
